"crash_unit_id","crash_record_id","rd_no","crash_date","unit_no","unit_type","num_passengers","vehicle_id","cmrc_veh_i","make","model","lic_plate_state","vehicle_year","vehicle_defect","vehicle_type","vehicle_use","travel_direction","maneuver","towed_i","fire_i","occupant_cnt","exceed_speed_limit_i","towed_by","towed_to","area_00_i","area_01_i","area_02_i","area_03_i","area_04_i","area_05_i","area_06_i","area_07_i","area_08_i","area_09_i","area_10_i","area_11_i","area_12_i","area_99_i","first_contact_point","cmv_id","usdot_no","ccmc_no","ilcc_no","commercial_src","gvwr","carrier_name","carrier_state","carrier_city","hazmat_placards_i","hazmat_name","un_no","hazmat_present_i","hazmat_report_i","hazmat_report_no","mcs_report_i","mcs_report_no","hazmat_vio_cause_crash_i","mcs_vio_cause_crash_i","idot_permit_no","wide_load_i","trailer1_width","trailer2_width","trailer1_length","trailer2_length","total_vehicle_length","axle_cnt","vehicle_config","cargo_body_type","load_type","hazmat_out_of_service_i","mcs_out_of_service_i","hazmat_class"
"1255241","89c0634c536ba5736b287ca4c3e41fb5c19b98081e423ac0045fb1d5c0c824cf7b3c12cf952e61d0cbff423c32c574fa519a4a12a4ef6729992ace3610d1ec05","JE493830","2021-12-31T11:02:00.000","1","DRIVER",,"1191510",,"CHEVROLET","MALIBU","IL",,"UNKNOWN","PASSENGER","UNKNOWN/NA","E","STRAIGHT AHEAD",,,"1",,,,,,,,,,,,,,,,,"Y","UNKNOWN",,,,,,,,,,,,,,,,,,,,,,,,,,,,,,,,,
"1255242","89c0634c536ba5736b287ca4c3e41fb5c19b98081e423ac0045fb1d5c0c824cf7b3c12cf952e61d0cbff423c32c574fa519a4a12a4ef6729992ace3610d1ec05","JE493830","2021-12-31T11:02:00.000","2","DRIVER","1","1191506",,"CHEVROLET","OTHER (EXPLAIN IN NARRATIVE)","IL","2007","NONE","PASSENGER","PERSONAL","E","STRAIGHT AHEAD",,,"2",,,,,,,,,,,,,"Y",,,,,"ROOF",,,,,,,,,,,,,,,,,,,,,,,,,,,,,,,,,
"1255243","ec5a8407e604576d40f94e9352d938e7c4b92e033f969453878f30a38da579d921a9ba56e45b9f6c91bac0d6dbccdac23970a4a159484bf1c41598ebf7ef70be","JE493849","2021-12-31T11:00:00.000","1","DRIVER",,"1191516",,"TOYOTA","CAMRY","IL","2015","UNKNOWN","PASSENGER","PERSONAL","W","TURNING RIGHT",,,"1",,,,,"Y",,,,,,,,,,,"Y",,"FRONT",,,,,,,,,,,,,,,,,,,,,,,,,,,,,,,,,
"1255244","ec5a8407e604576d40f94e9352d938e7c4b92e033f969453878f30a38da579d921a9ba56e45b9f6c91bac0d6dbccdac23970a4a159484bf1c41598ebf7ef70be","JE493849","2021-12-31T11:00:00.000","2","DRIVER",,"1191537",,"NISSAN","ROGUE","IL","2011","UNKNOWN","PASSENGER","PERSONAL","S","STRAIGHT AHEAD",,,"1",,,,,"Y","Y",,,,,,,,,,"Y",,"FRONT",,,,,,,,,,,,,,,,,,,,,,,,,,,,,,,,,
"1255234","c92f121c0e6a4e85435224b77cb760b185aaf41d14cf44c41e5de340bf04063e9db4e45e277431fbf695df7b73844836bd374ebb419e830b9c0099423fe8e58d","JE493807","2021-12-31T10:57:00.000","1","DRIVER",,"1191505",,"NISSAN","SENTRA","IL","2017","NONE","PASSENGER","PERSONAL","S","STRAIGHT AHEAD","Y",,"1",,"by owner","unknown",,"Y","Y",,,,,,,,"Y","Y","Y",,"OTHER",,,,,,,,,,,,,,,,,,,,,,,,,,,,,,,,,
"1255235","c92f121c0e6a4e85435224b77cb760b185aaf41d14cf44c41e5de340bf04063e9db4e45e277431fbf695df7b73844836bd374ebb419e830b9c0099423fe8e58d","JE493807","2021-12-31T10:57:00.000","2","DRIVER",,"1191520",,"DODGE","GRAND CARAVAN","IL","2012","NONE","PASSENGER","RIDESHARE SERVICE","W","STRAIGHT AHEAD",,,"1",,,,,,"Y","Y","Y",,,,,,,,,,"SIDE-RIGHT",,,,,,,,,,,,,,,,,,,,,,,,,,,,,,,,,
"1255236","f09f5e9226bc4260b55fbf913bbefa9485e89e377b5160ed34a1e2f6d8f5df58fc8ea022fc62baa14ee9b9a18db5b4a2e22838687b2f4f715e8cef0fa529b25c","JE493838","2021-12-31T10:35:00.000","1","DRIVER",,"1191507",,"TOYOTA","CAMRY","IL","2014","UNKNOWN","PASSENGER","TAXI/FOR HIRE","W","CHANGING LANES",,,"1",,,,,,,,,"Y",,,,,,,,,"REAR",,,,,,,,,,,,,,,,,,,,,,,,,,,,,,,,,
"1255237","f09f5e9226bc4260b55fbf913bbefa9485e89e377b5160ed34a1e2f6d8f5df58fc8ea022fc62baa14ee9b9a18db5b4a2e22838687b2f4f715e8cef0fa529b25c","JE493838","2021-12-31T10:35:00.000","2","DRIVER","1","1191511",,"NISSAN","ROGUE","IL","2017","UNKNOWN","SPORT UTILITY VEHICLE (SUV)","PERSONAL","W","STRAIGHT AHEAD",,,"2",,,,,,,,,,,,,,,"Y",,,"UNDER CARRIAGE",,,,,,,,,,,,,,,,,,,,,,,,,,,,,,,,,
"1255948","67a911c04f922342ca2a160de88405bb729bd1433afa0ada1497dc6e3013f1af3998e5dd36ce79064e493b8461d1119abb931dd35931746c18cc6c766dd663a7","JF100559","2021-12-31T10:30:00.000","1","DRIVER",,"1192139",,"HONDA","CR-V","IL","2002","UNKNOWN","SPORT UTILITY VEHICLE (SUV)","UNKNOWN/NA","W","STRAIGHT AHEAD",,,"1",,,,,,,,,,,,,,,,"Y",,"OTHER",,,,,,,,,,,,,,,,,,,,,,,,,,,,,,,,,
"1255949","67a911c04f922342ca2a160de88405bb729bd1433afa0ada1497dc6e3013f1af3998e5dd36ce79064e493b8461d1119abb931dd35931746c18cc6c766dd663a7","JF100559","2021-12-31T10:30:00.000","2","DRIVER",,"1192145",,"TOYOTA","COROLLA","IL","2014","NONE","PASSENGER","PERSONAL","S","STRAIGHT AHEAD","Y",,"1",,"DBJ TOWING","TOW YARD",,,,,,,,,,"Y","Y","Y",,,"ROOF",,,,,,,,,,,,,,,,,,,,,,,,,,,,,,,,,
"1255238","e26f26a6b566af66da062d5319f8cac412ba2ac51073155805dcff5efce4c833d3c34b8838190f90692095d03603b8c99ae937ea9ca62d6280a413704a7da02e","JE493788","2021-12-31T10:30:00.000","1","DRIVER",,"1191502",,"KIA","OPTIMA / K5","IL","2022","NONE","PASSENGER","PERSONAL","W","STRAIGHT AHEAD","Y",,"1",,,,,"Y",,,,,,,,,,"Y","Y",,"OTHER",,,,,,,,,,,,,,,,,,,,,,,,,,,,,,,,,
"1255239","e26f26a6b566af66da062d5319f8cac412ba2ac51073155805dcff5efce4c833d3c34b8838190f90692095d03603b8c99ae937ea9ca62d6280a413704a7da02e","JE493788","2021-12-31T10:30:00.000","2","DRIVER",,"1191504",,"PONTIAC","BONNEVILLE","IL","2005","NONE","PASSENGER","PERSONAL","S","STRAIGHT AHEAD","Y",,"1",,"CITY OF CHGO","DOTY",,,,,"Y","Y",,"Y","Y",,,,,,"SIDE-LEFT",,,,,,,,,,,,,,,,,,,,,,,,,,,,,,,,,
"1255240","e26f26a6b566af66da062d5319f8cac412ba2ac51073155805dcff5efce4c833d3c34b8838190f90692095d03603b8c99ae937ea9ca62d6280a413704a7da02e","JE493788","2021-12-31T10:30:00.000","3","PARKED",,"1191508",,"KIA","OPTIMA / K5","IL",,"NONE","PASSENGER","NOT IN USE","S","PARKED",,,"0",,,,,,,,,,"Y","Y","Y",,,,,,"FRONT-LEFT",,,,,,,,,,,,,,,,,,,,,,,,,,,,,,,,,
"1256141","ec4a5ff5040f9d9ee28bb366c9b82fcac1ae167b2a6fc170bb1165cd3c5c25d562e072911c1145a9645c867cc906c2bc04fd5ed2f3ce132dd1ef864c10d82039","JF100863","2021-12-31T10:15:00.000","1","DRIVER",,"1192334",,"CHEVROLET","COBALT","IL","2009","UNKNOWN","PASSENGER","PERSONAL","S","STRAIGHT AHEAD",,,"1",,,,,"Y",,,,,,,,,,"Y","Y",,"TOTAL (ALL AREAS)",,,,,,,,,,,,,,,,,,,,,,,,,,,,,,,,,
"1256142","ec4a5ff5040f9d9ee28bb366c9b82fcac1ae167b2a6fc170bb1165cd3c5c25d562e072911c1145a9645c867cc906c2bc04fd5ed2f3ce132dd1ef864c10d82039","JF100863","2021-12-31T10:15:00.000","2","DRIVER",,"1192337",,"HONDA","CR-V","IL","2012","UNKNOWN","SPORT UTILITY VEHICLE (SUV)","PERSONAL","W","STRAIGHT AHEAD",,,"1",,,,,"Y",,,,,,,,,,,,,"FRONT",,,,,,,,,,,,,,,,,,,,,,,,,,,,,,,,,
"1255489","07119a29b64a3007eca90578a42d35248c69eff9e10a72b456b493acbbe3443e3a44c2f421f589d29111941f71dd9cdb4755c28ea866c410b57507e58513ca2f","JE494245","2021-12-31T10:00:00.000","2","DRIVER",,"1191739",,"DODGE","JOURNEY","IL","2019","NONE","PASSENGER","PERSONAL","UNKNOWN","STRAIGHT AHEAD",,,"1",,,,,,,,,,,"Y",,,,"N",,,"SIDE-LEFT",,,,,,,,,,,,,,,,,,,,,,,,,,,,,,,,,
"1255490","07119a29b64a3007eca90578a42d35248c69eff9e10a72b456b493acbbe3443e3a44c2f421f589d29111941f71dd9cdb4755c28ea866c410b57507e58513ca2f","JE494245","2021-12-31T10:00:00.000","1","DRIVER",,"1191737",,"CHEVROLET","SILVERADO","IL","2009","NONE","PICKUP","PERSONAL","UNKNOWN","STRAIGHT AHEAD",,,"1",,,,,,,,,,,,,,,,"Y",,"OTHER",,,,,,,,,,,,,,,,,,,,,,,,,,,,,,,,,
"1255337","68e850d0d251158e8cf29598a80053eec444560e54cc25564b8679f92c71e3372b7636909cf617169dc18c56bf6bc530e295feccf62c40829842e3e3f6ee95fc","JE494003","2021-12-31T10:00:00.000","1","DRIVER",,"1191593",,"UNKNOWN","OTHER (EXPLAIN IN NARRATIVE)",,,"UNKNOWN","UNKNOWN/NA","UNKNOWN/NA","E","STRAIGHT AHEAD",,,"1",,,,,,,,,,,,,,,,,"Y","ROOF",,,,,,,,,,,,,,,,,,,,,,,,,,,,,,,,,
"1255338","68e850d0d251158e8cf29598a80053eec444560e54cc25564b8679f92c71e3372b7636909cf617169dc18c56bf6bc530e295feccf62c40829842e3e3f6ee95fc","JE494003","2021-12-31T10:00:00.000","2","PARKED",,"1191594",,"TOYOTA","RAV4","IL","2007","NONE","PASSENGER","NOT IN USE","E","PARKED",,,"0",,,,,,"Y","Y","Y",,,,,,,,,,"SIDE-RIGHT",,,,,,,,,,,,,,,,,,,,,,,,,,,,,,,,,
"1255333","887d8322b81a1c2fc97cf045054213d1aa6a576b5623b6328bcc5b6f3a4c96f55851a9fb1b9aa76be1a0dacd2b4ce66a7f29ba3ebe3c8bef8dd72e20842c4fb7","JE493963","2021-12-31T10:00:00.000","1","DRIVER",,"1191586",,"UNKNOWN","OTHER (EXPLAIN IN NARRATIVE)",,,"UNKNOWN","UNKNOWN/NA","UNKNOWN/NA","W","UNKNOWN/NA",,,"1",,,,,,,,,,,,,,,,,"Y","UNKNOWN",,,,,,,,,,,,,,,,,,,,,,,,,,,,,,,,,
"1255334","887d8322b81a1c2fc97cf045054213d1aa6a576b5623b6328bcc5b6f3a4c96f55851a9fb1b9aa76be1a0dacd2b4ce66a7f29ba3ebe3c8bef8dd72e20842c4fb7","JE493963","2021-12-31T10:00:00.000","2","PARKED",,"1191589",,"TOYOTA","C-HR","IL","2018","NONE","PASSENGER","PERSONAL","W","PARKED",,,"0",,,,,,,,,,,,"Y","Y",,,,,"ROOF",,,,,,,,,,,,,,,,,,,,,,,,,,,,,,,,,
"1255211","033d6ccb529acd5761d434d81f7bb18e8e9df85e61751b83db65eb6cd92b3cafeb9ccb7859fc0d87e033d54e39bbbac15a04514404760a1a66b75c161fdcc5a5","JE493768","2021-12-31T09:40:00.000","1","DRIVER",,"1191483",,"FORD","OTHER (EXPLAIN IN NARRATIVE)","IL","2012","UNKNOWN","PICKUP","UNKNOWN/NA","NE","TURNING LEFT",,,"1",,,,,,,,,,,,"Y","Y",,,,,"ROOF",,,,,,,,,,,,,,,,,,,,,,,,,,,,,,,,,
"1255212","033d6ccb529acd5761d434d81f7bb18e8e9df85e61751b83db65eb6cd92b3cafeb9ccb7859fc0d87e033d54e39bbbac15a04514404760a1a66b75c161fdcc5a5","JE493768","2021-12-31T09:40:00.000","2","DRIVER","1","1191484",,"SUBARU","IMPREZA","IL","2013","NONE","PASSENGER","PERSONAL","N","STRAIGHT AHEAD",,,"2",,,,,"Y","Y",,,,,,,,,,"Y",,"FRONT",,,,,,,,,,,,,,,,,,,,,,,,,,,,,,,,,
"1256748","74a74b138f3327c3b978b365f9c2649f9cb6d3520bdd906f383c7b6eebdc807a52f5f2e5e258d35c1d33870a1335d1311ccf912cffad72d4a30413a4fc41fbef","JF102023","2021-12-31T09:30:00.000","1","DRIVER",,"1192913",,"UNKNOWN","OTHER (EXPLAIN IN NARRATIVE)",,,"UNKNOWN","UNKNOWN/NA","UNKNOWN/NA","UNKNOWN","UNKNOWN/NA",,,"1",,,,,,,,,,,,,,,,,"Y","UNKNOWN",,,,,,,,,,,,,,,,,,,,,,,,,,,,,,,,,
"1256749","74a74b138f3327c3b978b365f9c2649f9cb6d3520bdd906f383c7b6eebdc807a52f5f2e5e258d35c1d33870a1335d1311ccf912cffad72d4a30413a4fc41fbef","JF102023","2021-12-31T09:30:00.000","2","PARKED",,"1192920",,"MERCEDES-BENZ","350 SERIES","IL","2012","NONE","PASSENGER","PERSONAL","N","PARKED",,,"0",,,,,"Y","Y","Y","Y","Y",,,,,,,,,"SIDE-RIGHT",,,,,,,,,,,,,,,,,,,,,,,,,,,,,,,,,
"1255331","1bd0414458cb79e06a032fec9f428ab5aac00ae80ca64ff2dfaf8d17bd430bfd0ef870740cbb668c391d68c146199cc30397d8a6e2c004b4ff5d89c165291258","JE493994","2021-12-31T09:23:00.000","1","DRIVER",,"1191591",,"HYUNDAI","TUCSON","IL","2012","NONE","PASSENGER","PERSONAL","N","STRAIGHT AHEAD",,,"1",,,,,"Y","Y",,,,,,,,,,"Y",,"FRONT",,,,,,,,,,,,,,,,,,,,,,,,,,,,,,,,,
"1255332","1bd0414458cb79e06a032fec9f428ab5aac00ae80ca64ff2dfaf8d17bd430bfd0ef870740cbb668c391d68c146199cc30397d8a6e2c004b4ff5d89c165291258","JE493994","2021-12-31T09:23:00.000","2","DRIVER",,"1191587",,"FORD","FUSION","IL","2016","UNKNOWN","PASSENGER","PERSONAL","W","STRAIGHT AHEAD",,,"1",,,,,,,,,,"Y","Y","Y","Y",,,,,"FRONT-LEFT",,,,,,,,,,,,,,,,,,,,,,,,,,,,,,,,,
"1255210","181a4321bb2d6492518b87b2d483bef22d8d9f7795e4eaa7b5f82241f3e8923fe5daadcebc53f1f0e1de573e5e1b381d55d9c0279f2132a705ff514aeccbb97e","JE493742","2021-12-31T09:20:00.000","1","DRIVER",,"1191481",,"FORD","EXPLORER","IL","2018","NONE","OTHER","FIRE","N","OTHER",,,"1",,,,,,,"Y",,,,,,,,,,,"SIDE-RIGHT",,,,,,,,,,,,,,,,,,,,,,,,,,,,,,,,,
"1255202","19f0e43196a129b434c4649242367d0f8808b049eb6ee454bdec9faac43ea58f716f15ee9bc530ff0b7934452973f528b3b9a3a995f69f397aa946b6da338645","JE493746","2021-12-31T09:20:00.000","1","DRIVER",,"1191479",,"VOLKSWAGEN","OTHER (EXPLAIN IN NARRATIVE)","IL","2011","NONE","PASSENGER","PERSONAL","N","STRAIGHT AHEAD",,,"1",,,,,,,,,,,,,,,,"Y",,"OTHER",,,,,,,,,,,,,,,,,,,,,,,,,,,,,,,,,
"1255203","19f0e43196a129b434c4649242367d0f8808b049eb6ee454bdec9faac43ea58f716f15ee9bc530ff0b7934452973f528b3b9a3a995f69f397aa946b6da338645","JE493746","2021-12-31T09:20:00.000","2","DRIVER",,"1191491",,"FORD","VAN","IL","2016","NONE","VAN/MINI-VAN","OTHER","N","SLOW/STOP IN TRAFFIC",,,"1",,,,,,,,,,"Y",,,,,,,,"REAR-LEFT",,,,,,,,,,,,,,,,,,,,,,,,,,,,,,,,,
"1255230","69891d21a7e6d159d8e302374a3e65d05f65d44824ba8bd93cc83285f9a4b5c66564a52bfe71f1ddf6b4b5af26961da335d066a2214f1a401c50b23df4e33aee","JE493823","2021-12-31T09:20:00.000","1","DRIVER",,"1191500",,"MERCEDES-BENZ","OTHER (EXPLAIN IN NARRATIVE)","IL","2008","UNKNOWN","PASSENGER","UNKNOWN/NA","N","STRAIGHT AHEAD",,,"1",,,,,,,,,,,,,,,,"Y",,"OTHER",,,,,,,,,,,,,,,,,,,,,,,,,,,,,,,,,
"1255231","69891d21a7e6d159d8e302374a3e65d05f65d44824ba8bd93cc83285f9a4b5c66564a52bfe71f1ddf6b4b5af26961da335d066a2214f1a401c50b23df4e33aee","JE493823","2021-12-31T09:20:00.000","2","DRIVER","1","1191512",,"JEEP","GRAND CHEROKEE","IL","2021","UNKNOWN","SPORT UTILITY VEHICLE (SUV)","PERSONAL","N","OTHER",,,"2",,,,,,,,,,"Y",,,,,,,,"REAR-LEFT",,,,,,,,,,,,,,,,,,,,,,,,,,,,,,,,,
"1255213","406d64a79914d610f67138a496f2cf1235d4ee507f83bc3a38ce3e243536ae68406cf1392d5a8dc91d94279c4fb9d0e647ad34e6414e2555d9cb17273413d49c","JE493726","2021-12-31T09:10:00.000","1","DRIVER","1","1191485",,"CHEVROLET","CAVALIER","IL","1997","NONE","PASSENGER","PERSONAL","E","STRAIGHT AHEAD","Y",,"2",,"SERIOUS TOWING BUSINESS","3659 W. HARRISON ST",,"Y",,,,,,,,,,"Y","Y",,"OTHER",,,,,,,,,,,,,,,,,,,,,,,,,,,,,,,,,
"1255214","406d64a79914d610f67138a496f2cf1235d4ee507f83bc3a38ce3e243536ae68406cf1392d5a8dc91d94279c4fb9d0e647ad34e6414e2555d9cb17273413d49c","JE493726","2021-12-31T09:10:00.000","2","PARKED",,"1191486",,"FORD","ESCAPE","IL","2009","NONE","SPORT UTILITY VEHICLE (SUV)","PERSONAL","W","PARKED","Y",,"0",,"SERIOUS TOWING BUSINESS","3659 W. HARRISON ST",,"Y",,,,"Y","Y","Y",,,,"Y","Y",,"OTHER",,,,,,,,,,,,,,,,,,,,,,,,,,,,,,,,,
"1255215","406d64a79914d610f67138a496f2cf1235d4ee507f83bc3a38ce3e243536ae68406cf1392d5a8dc91d94279c4fb9d0e647ad34e6414e2555d9cb17273413d49c","JE493726","2021-12-31T09:10:00.000","3","PARKED",,"1191489",,"FORD","ESCAPE","IL","2010","NONE","SPORT UTILITY VEHICLE (SUV)","PERSONAL","W","PARKED",,,"0",,,,,"Y",,,,,,,,,,"Y","Y",,"OTHER",,,,,,,,,,,,,,,,,,,,,,,,,,,,,,,,,
"1255198","2b61a56f3d20e2d75fa3c246f06ff22e21063d146711061e7dfc84e3d6ffb03bac65605bdca89d6f8b91d231a6c63ea700acef0ca3877bd2da05fccb50d2260c","JE493716","2021-12-31T09:00:00.000","1","DRIVER",,"1191471",,"CHEVROLET","MALIBU",,,"NONE","PASSENGER","PERSONAL","UNKNOWN","UNKNOWN/NA",,,"1",,,,,,,,,,,,,,,,,"Y","UNKNOWN",,,,,,,,,,,,,,,,,,,,,,,,,,,,,,,,,
"1255199","2b61a56f3d20e2d75fa3c246f06ff22e21063d146711061e7dfc84e3d6ffb03bac65605bdca89d6f8b91d231a6c63ea700acef0ca3877bd2da05fccb50d2260c","JE493716","2021-12-31T09:00:00.000","2","PARKED",,"1191472",,"CHEVROLET","MALIBU","IL","2008","NONE","PASSENGER","PERSONAL","N","PARKED",,,"0",,,,,,,,,,"Y","Y","Y",,,,,,"UNKNOWN",,,,,,,,,,,,,,,,,,,,,,,,,,,,,,,,,
"1255208","4484187e6ec361804d1a3b565a35336f87d910d524b3a4b243222dfad41dfd89c7ebd610445a5b93a6b2d8ddf1a37da1d352eceb79e91b9b907208e1c29e297e","JE493734","2021-12-31T09:00:00.000","1","DRIVER",,"1191475",,"NISSAN","OTHER (EXPLAIN IN NARRATIVE)","XX",,"UNKNOWN","SPORT UTILITY VEHICLE (SUV)","UNKNOWN/NA","UNKNOWN","UNKNOWN/NA",,,"1",,,,,,,,,,,,,,,,,"Y","UNKNOWN",,,,,,,,,,,,,,,,,,,,,,,,,,,,,,,,,
"1255209","4484187e6ec361804d1a3b565a35336f87d910d524b3a4b243222dfad41dfd89c7ebd610445a5b93a6b2d8ddf1a37da1d352eceb79e91b9b907208e1c29e297e","JE493734","2021-12-31T09:00:00.000","2","PARKED",,"1191477",,"CHEVROLET","OTHER (EXPLAIN IN NARRATIVE)","IL","2015","UNKNOWN","PASSENGER","UNKNOWN/NA","UNKNOWN","PARKED",,,"0",,,,,,,,,,,,"Y","Y","Y",,,,"ROOF",,,,,,,,,,,,,,,,,,,,,,,,,,,,,,,,,
"1255281","04762a2b67cdb3a50a9ef077606696cfae98ee59ed0d55f924d2230d991c583c714dc75565a79ef17361ac62d899989e020455f93d59275c310d17564c58f6e2","JE493938","2021-12-31T08:57:00.000","1","DRIVER",,"1192040",,"CHEVROLET","MALIBU","TN","2020","NONE","PASSENGER","PERSONAL","N","STRAIGHT AHEAD",,,"1",,,,,"Y",,,,,,,,,,"Y","Y",,"OTHER",,,,,,,,,,,,,,,,,,,,,,,,,,,,,,,,,
"1255282","04762a2b67cdb3a50a9ef077606696cfae98ee59ed0d55f924d2230d991c583c714dc75565a79ef17361ac62d899989e020455f93d59275c310d17564c58f6e2","JE493938","2021-12-31T08:57:00.000","2","DRIVER",,"1192042",,"CHEVROLET","TRAX","IL","2017","NONE","SPORT UTILITY VEHICLE (SUV)","PERSONAL","W","STRAIGHT AHEAD",,,"1",,,,,,,,,,,,,"Y","Y","Y",,,"UNDER CARRIAGE",,,,,,,,,,,,,,,,,,,,,,,,,,,,,,,,,
"1255491","270c709dfd1ff27e206d80d22cf12453d63c4980bd6133e5d6ade3469880b7804add274d709d01cb194d5260f94c97d91b88ad3fa51236aa6ead74f769728706","JE493790","2021-12-31T08:40:00.000","1","DRIVER",,"1191738",,"CHEVROLET","IMPALA","IL","2016","NONE","PASSENGER","PERSONAL","N","CHANGING LANES","N",,"1",,,,,,,,,,,"Y","Y","Y","Y","Y","Y",,"TOTAL (ALL AREAS)",,,,,,,,,,,,,,,,,,,,,,,,,,,,,,,,,
"1255196","887d557e73c99e702f433fb57229bd7cfcd4e8436ba283c6f1c354c5e0cd2b1468415e9c0adcbad65750236809dbfb481f99149e1713f89e7269d829a773bc23","JE493718","2021-12-31T08:30:00.000","1","PARKED",,"1191470",,"TOYOTA","OTHER (EXPLAIN IN NARRATIVE)","TX","2009","NONE","PASSENGER","NOT IN USE","S","PARKED",,,"0",,,,,,,,,,,,,"Y",,,,,"ROOF",,,,,,,,,,,,,,,,,,,,,,,,,,,,,,,,,
"1255197","887d557e73c99e702f433fb57229bd7cfcd4e8436ba283c6f1c354c5e0cd2b1468415e9c0adcbad65750236809dbfb481f99149e1713f89e7269d829a773bc23","JE493718","2021-12-31T08:30:00.000","2","DRIVER",,"1191469",,"JEEP","GRAND CHEROKEE","IL","2012","NONE","SPORT UTILITY VEHICLE (SUV)","PERSONAL","S","STRAIGHT AHEAD",,,"1",,,,,,,,"Y",,,,,,,,,,"REAR",,,,,,,,,,,,,,,,,,,,,,,,,,,,,,,,,
"1255192","96b2d961a07545ea6663550ea9a406221cca0090a17451489e37341ce82220cace5a635983e8017875309bcb4ba6cdb65d5072aff1273ed74312bee39244d77d","JE493696","2021-12-31T08:15:00.000","1","DRIVER",,"1191465",,"UNKNOWN","OTHER (EXPLAIN IN NARRATIVE)",,,"UNKNOWN","UNKNOWN/NA","UNKNOWN/NA","UNKNOWN","UNKNOWN/NA",,,"1",,,,,,,,,,,,,,,,,"Y","UNKNOWN",,,,,,,,,,,,,,,,,,,,,,,,,,,,,,,,,
"1255193","96b2d961a07545ea6663550ea9a406221cca0090a17451489e37341ce82220cace5a635983e8017875309bcb4ba6cdb65d5072aff1273ed74312bee39244d77d","JE493696","2021-12-31T08:15:00.000","2","PARKED",,"1191466",,"HYUNDAI","SONATA","IL","2013","UNKNOWN","PASSENGER","NOT IN USE","N","PARKED",,,"0",,,,,,,,,,,,,,"Y","Y","Y",,"UNKNOWN",,,,,,,,,,,,,,,,,,,,,,,,,,,,,,,,,
"1255190","49d918a211a9b58ebee032b34de08084f94b3a45f37dd52a0398ace02f5c387425b298512a438c5fffe4a1749dca7615369f2f144d7a24a2073d531c27c231ea","JE493664","2021-12-31T07:30:00.000","1","DRIVER",,"1191462",,"BMW","3 SERIES","IL","2008","NONE","PASSENGER","PERSONAL","NE","TURNING RIGHT",,,"1",,,,,,,,,,,,,,"Y","Y","Y",,"FRONT",,,,,,,,,,,,,,,,,,,,,,,,,,,,,,,,,
"1255191","49d918a211a9b58ebee032b34de08084f94b3a45f37dd52a0398ace02f5c387425b298512a438c5fffe4a1749dca7615369f2f144d7a24a2073d531c27c231ea","JE493664","2021-12-31T07:30:00.000","2","DRIVER",,"1191464","Y","FREIGHTLINER CORPORATION","FREIGHTLINER CORP.","IL","1999","NONE","SINGLE UNIT TRUCK WITH TRAILER","COMMERCIAL - MULTI-UNIT","W","OTHER",,,"1",,,,,,,,,,,,,,"Y","Y",,,,"13734",,,,,"2","SUPERIOR CARGO HAUL INC","IL",,,,,"N","N",,"N",,"N","N","1441794",,,,,,,,"TRACTOR/SEMI-TRAILER","GARBAGE/REFUSE","UNKNOWN",,"N",
"1255184","b4fcf51d938fdb0ba7842aac5debaf4934bb080712874d6d19211cf107e76cafe6f5b9d8a60f44bbbadddd1c886fbc416393ded182b91c7e17b0aa0d22dd4337","JE493630","2021-12-31T07:05:00.000","1","DRIVER",,"1191455",,"DODGE","JOURNEY","IL","2020","UNKNOWN","PASSENGER","PERSONAL","N","SLOW/STOP IN TRAFFIC",,,"1",,,,,,,,,,,,"Y",,,,,,"ROOF",,,,,,,,,,,,,,,,,,,,,,,,,,,,,,,,,