"crash_unit_id","crash_record_id","rd_no","crash_date","unit_no","unit_type","num_passengers","vehicle_id","cmrc_veh_i","make","model","lic_plate_state","vehicle_year","vehicle_defect","vehicle_type","vehicle_use","travel_direction","maneuver","towed_i","fire_i","occupant_cnt","exceed_speed_limit_i","towed_by","towed_to","area_00_i","area_01_i","area_02_i","area_03_i","area_04_i","area_05_i","area_06_i","area_07_i","area_08_i","area_09_i","area_10_i","area_11_i","area_12_i","area_99_i","first_contact_point","cmv_id","usdot_no","ccmc_no","ilcc_no","commercial_src","gvwr","carrier_name","carrier_state","carrier_city","hazmat_placards_i","hazmat_name","un_no","hazmat_present_i","hazmat_report_i","hazmat_report_no","mcs_report_i","mcs_report_no","hazmat_vio_cause_crash_i","mcs_vio_cause_crash_i","idot_permit_no","wide_load_i","trailer1_width","trailer2_width","trailer1_length","trailer2_length","total_vehicle_length","axle_cnt","vehicle_config","cargo_body_type","load_type","hazmat_out_of_service_i","mcs_out_of_service_i","hazmat_class"
"1255185","b4fcf51d938fdb0ba7842aac5debaf4934bb080712874d6d19211cf107e76cafe6f5b9d8a60f44bbbadddd1c886fbc416393ded182b91c7e17b0aa0d22dd4337","JE493630","2021-12-31T07:05:00.000","2","DRIVER",,"1191457",,"HONDA","CLARITY","IL","2021","UNKNOWN","PASSENGER","PERSONAL","N","STRAIGHT AHEAD",,,"1",,,,,,,"Y","Y",,,,,,,,,,"SIDE-RIGHT",,,,,,,,,,,,,,,,,,,,,,,,,,,,,,,,,
"1255182","76c6a53e9f56c049a9c0630fb81d8b9f7bab5837a04ada0f1fdcb783f38cdcd760782e6f28ae4fad152568af8c805a9093aeba4e8c22e36ed8dc16dcd0b9cf85","JE493627","2021-12-31T06:50:00.000","1","DRIVER",,"1191454",,"CHEVROLET","UPLANDER","IL","2008","UNKNOWN","VAN/MINI-VAN","PERSONAL","S","STRAIGHT AHEAD",,,"1",,,,,,,,,,,,,,,,"Y",,"OTHER",,,,,,,,,,,,,,,,,,,,,,,,,,,,,,,,,
"1255183","76c6a53e9f56c049a9c0630fb81d8b9f7bab5837a04ada0f1fdcb783f38cdcd760782e6f28ae4fad152568af8c805a9093aeba4e8c22e36ed8dc16dcd0b9cf85","JE493627","2021-12-31T06:50:00.000","2","DRIVER",,"1191456",,"LEXUS","RX330","IL","2004","UNKNOWN","PASSENGER","PERSONAL","S","SLOW/STOP IN TRAFFIC",,,"1",,,,,,,,,,"Y",,,,,,,,"REAR-LEFT",,,,,,,,,,,,,,,,,,,,,,,,,,,,,,,,,
"1255166","2028206c24fef84992001017aa35723c9d1dc5d9cf562e715492b065f2c3082e96f8432e9a8360f8aba96d94c23124b9b2a5848781dd2388316fe5ed40e13543","JE493589","2021-12-31T03:50:00.000","1","DRIVER",,"1191438",,"CHEVROLET","SUBURBAN","IL","2020","UNKNOWN","OTHER","TAXI/FOR HIRE","E","LEAVING TRAFFIC LANE TO PARK",,,"1",,,,,"Y","Y","Y","Y","Y",,,,,,,,,"FRONT-RIGHT",,,,,,,,,,,,,,,,,,,,,,,,,,,,,,,,,
"1255167","2028206c24fef84992001017aa35723c9d1dc5d9cf562e715492b065f2c3082e96f8432e9a8360f8aba96d94c23124b9b2a5848781dd2388316fe5ed40e13543","JE493589","2021-12-31T03:50:00.000","2","PARKED",,"1191439",,"DODGE","JOURNEY","IL","2009","UNKNOWN","VAN/MINI-VAN","PERSONAL","E","PARKED",,,"0",,,,,,,,,,,,,,"Y","Y",,,"TOTAL (ALL AREAS)",,,,,,,,,,,,,,,,,,,,,,,,,,,,,,,,,
"1255158","dca010d6e89d95a0b78e69a46ed9aaf4b0f37c96900bc0e6bde8ffc53d5d9404df214ff8db9808589e79b265c65cba2f203f1b2229b38d4382052ae428304948","JE493577","2021-12-31T03:24:00.000","1","DRIVER",,"1191432",,"CHRYSLER","TOWN & COUNTRY","IL","2008","NONE","PASSENGER","PERSONAL","SE","TURNING RIGHT",,,"1",,,,,,,,,,,,,"Y",,"Y",,,"TOTAL (ALL AREAS)",,,,,,,,,,,,,,,,,,,,,,,,,,,,,,,,,
"1255159","dca010d6e89d95a0b78e69a46ed9aaf4b0f37c96900bc0e6bde8ffc53d5d9404df214ff8db9808589e79b265c65cba2f203f1b2229b38d4382052ae428304948","JE493577","2021-12-31T03:24:00.000","2","DRIVER","1","1191435",,"JEEP","GRAND CHEROKEE","WI","2019","NONE","PASSENGER","PERSONAL","SE","TURNING RIGHT",,,"2",,,,,"Y","Y","Y","Y",,,,,,,,,,"REAR-RIGHT",,,,,,,,,,,,,,,,,,,,,,,,,,,,,,,,,
"1255163","f1cedcbb7cec3b1465d933e33d71ff173c8b19d7c1989d40bbef3b115d846f074f42a0b27b40682858079456616a4bdda1b08c2d159fca5c7ba05c2dcff3fbd5","JE493578","2021-12-31T03:23:00.000","1","DRIVER",,"1191431",,"ACURA","CL","IL","2010","NONE","SPORT UTILITY VEHICLE (SUV)","PERSONAL","W","STRAIGHT AHEAD",,,"1",,,,,"Y",,,,,,,,,,"Y","Y",,"OTHER",,,,,,,,,,,,,,,,,,,,,,,,,,,,,,,,,
"1255164","f1cedcbb7cec3b1465d933e33d71ff173c8b19d7c1989d40bbef3b115d846f074f42a0b27b40682858079456616a4bdda1b08c2d159fca5c7ba05c2dcff3fbd5","JE493578","2021-12-31T03:23:00.000","2","DRIVER","1","1191434",,"MAZDA","MAZDA3","IL","2014","NONE","PASSENGER","PERSONAL","W","STRAIGHT AHEAD",,,"2",,,,,,,,,"Y","Y","Y",,,,,,,"REAR-LEFT",,,,,,,,,,,,,,,,,,,,,,,,,,,,,,,,,
"1255253","5705cef67eb6b21767f0f49f1b59b8d233bd7d7839189997dd64801f0fae32afcff36df692da0da65595146550d0413fc3394cffff61648737bcd4dffb33887c","JE493897","2021-12-31T03:14:00.000","1","DRIVER",,"1191524",,"JEEP","GRAND CHEROKEE",,,"UNKNOWN","PASSENGER","UNKNOWN/NA","N","STRAIGHT AHEAD",,,"1",,,,,"Y","Y",,,,,,,,,,,,"FRONT",,,,,,,,,,,,,,,,,,,,,,,,,,,,,,,,,
"1255254","5705cef67eb6b21767f0f49f1b59b8d233bd7d7839189997dd64801f0fae32afcff36df692da0da65595146550d0413fc3394cffff61648737bcd4dffb33887c","JE493897","2021-12-31T03:14:00.000","2","PARKED",,"1191526",,"MITSUBISHI","OUTLANDER","IL","2021","UNKNOWN","PASSENGER","PERSONAL","N","PARKED",,,"0",,,,,,,,,,,,"Y",,"Y","Y",,,"FRONT-LEFT",,,,,,,,,,,,,,,,,,,,,,,,,,,,,,,,,
"1255255","5705cef67eb6b21767f0f49f1b59b8d233bd7d7839189997dd64801f0fae32afcff36df692da0da65595146550d0413fc3394cffff61648737bcd4dffb33887c","JE493897","2021-12-31T03:14:00.000","3","PARKED",,"1191531",,"CHRYSLER","TOWN & COUNTRY","IL","2012","UNKNOWN","PASSENGER","PERSONAL","N","PARKED",,,"0",,,,,,,,,,,"Y","Y","Y","Y","Y",,,"ROOF",,,,,,,,,,,,,,,,,,,,,,,,,,,,,,,,,
"1255171","0b4af80cd3854ea7936d3874b949e4d30f331f9fa103d472670041fb1f7dd59ac386cec24667cdd4aa759ca72f25ac2c8ab9784ac202a14c6c9f9917ddc4e436","JE493575","2021-12-31T02:50:00.000","1","DRIVER",,"1191441",,"CHEVROLET","CRUZE","IL","2013","UNKNOWN","PASSENGER","PERSONAL","E","STRAIGHT AHEAD","Y",,"1",,"MAGIC CITY TOWING","CALUMET PARK IL",,"Y",,,,,,,,,,,"Y",,"FRONT",,,,,,,,,,,,,,,,,,,,,,,,,,,,,,,,,
"1255156","070d567ca3496ca7fd2db01b19efbd84760baaa74644827323b9d05a7a8454b62124217d75fe29e6303385f7723954997b6bec6346eb578e60d54dbc533a5983","JE493564","2021-12-31T02:35:00.000","1","DRIVER","1","1191428",,"BMW","OTHER (EXPLAIN IN NARRATIVE)","IL","2014","UNKNOWN","UNKNOWN/NA","UNKNOWN/NA","N","ENTERING TRAFFIC LANE FROM PARKING",,,"2",,,,,"Y",,,,,,,,,,,"Y",,"FRONT",,,,,,,,,,,,,,,,,,,,,,,,,,,,,,,,,
"1255157","070d567ca3496ca7fd2db01b19efbd84760baaa74644827323b9d05a7a8454b62124217d75fe29e6303385f7723954997b6bec6346eb578e60d54dbc533a5983","JE493564","2021-12-31T02:35:00.000","2","PARKED",,"1191430",,"MERCURY","OTHER (EXPLAIN IN NARRATIVE)","IL","2005","NONE","PASSENGER","PERSONAL","N","PARKED",,,"0",,,,,,,,,,"N","Y",,,,,,,"SIDE-LEFT",,,,,,,,,,,,,,,,,,,,,,,,,,,,,,,,,
"1255172","21b31098d5d0c0295e575eed401e7cb9f503f695b390c695c42e87b46642f7e304dd33904ef8bf17cbd739c1829e52883437e4d9d9abfc4deff30112e75f53d1","JE493561","2021-12-31T02:20:00.000","1","DRIVER",,"1191443",,"PONTIAC","G6","IN","2006","UNKNOWN","PASSENGER","PERSONAL","E","STRAIGHT AHEAD","Y",,"1",,"personal","personal",,,,,,,,,,,,,"Y",,"OTHER",,,,,,,,,,,,,,,,,,,,,,,,,,,,,,,,,
"1255173","21b31098d5d0c0295e575eed401e7cb9f503f695b390c695c42e87b46642f7e304dd33904ef8bf17cbd739c1829e52883437e4d9d9abfc4deff30112e75f53d1","JE493561","2021-12-31T02:20:00.000","2","DRIVER","1","1191445",,"HONDA","CIVIC","IL","2019","UNKNOWN","PASSENGER","PERSONAL","N","STRAIGHT AHEAD","Y",,"2",,"by driver","personal",,,,,,,,,,,,,"Y",,"OTHER",,,,,,,,,,,,,,,,,,,,,,,,,,,,,,,,,
"1255152","057fbd309e24786cd3cc6fdf444ae09b5c9a96e6a9593b8df3fa8ae5bbc542ee1bfb8c3592ef71a674b74f8773ce017bb7de77ecd43e157f56252e017c03e403","JE493560","2021-12-31T02:10:00.000","1","DRIVER",,"1191426",,"MAZDA","OTHER (EXPLAIN IN NARRATIVE)","IN",,"UNKNOWN","PASSENGER","PERSONAL","S","TURNING LEFT","Y",,"1",,"SERIOUS BUSINESS TOWING","3659 W. HARRISON",,,,,,,,"Y","Y","Y","Y",,,,"ROOF",,,,,,,,,,,,,,,,,,,,,,,,,,,,,,,,,
"1255153","057fbd309e24786cd3cc6fdf444ae09b5c9a96e6a9593b8df3fa8ae5bbc542ee1bfb8c3592ef71a674b74f8773ce017bb7de77ecd43e157f56252e017c03e403","JE493560","2021-12-31T02:10:00.000","2","DRIVER",,"1191863",,"MERCEDES-BENZ","ML320","IL","2003","UNKNOWN","SPORT UTILITY VEHICLE (SUV)","PERSONAL","W","STRAIGHT AHEAD","Y",,"1",,"E&R TOWING","701 N. SACRAMENTO",,"Y",,,,,,,,,"Y","Y","Y",,"OTHER",,,,,,,,,,,,,,,,,,,,,,,,,,,,,,,,,
"1255160","5a815e8f2f0fee11c61a20e559932980c48dbcdb7039e689db5d713f715476aa6ebde7081c278803c1fcd491af9474f0066ea0521cfe80ed2d8192d5c0124534","JE493558","2021-12-31T02:10:00.000","1","DRIVER",,"1191429",,"BUICK","ENCORE","IL","2020","NONE","PASSENGER","PERSONAL","W","DRIVING WRONG WAY","Y",,"1",,"STREETS AND SANITATION","400 E LOWER WACKER",,,,,,,,,,,,,,,"FRONT",,,,,,,,,,,,,,,,,,,,,,,,,,,,,,,,,
"1255161","5a815e8f2f0fee11c61a20e559932980c48dbcdb7039e689db5d713f715476aa6ebde7081c278803c1fcd491af9474f0066ea0521cfe80ed2d8192d5c0124534","JE493558","2021-12-31T02:10:00.000","2","DRIVER","1","1191433",,"FORD","FUSION","IL","2020","NONE","PASSENGER","PERSONAL","S","STRAIGHT AHEAD","Y",,"2",,"STREETS AND SANITATION","400 E LOWER WACKER",,"Y",,,,,,,,,,"Y","Y",,"OTHER",,,,,,,,,,,,,,,,,,,,,,,,,,,,,,,,,
"1255162","5a815e8f2f0fee11c61a20e559932980c48dbcdb7039e689db5d713f715476aa6ebde7081c278803c1fcd491af9474f0066ea0521cfe80ed2d8192d5c0124534","JE493558","2021-12-31T02:10:00.000","3","DRIVER",,"1191436",,"TOYOTA","CAMRY","IL","2016","NONE","PASSENGER","PERSONAL","E","SLOW/STOP IN TRAFFIC",,,"1",,,,,"Y","Y",,,,,,,,,"N","Y",,"FRONT",,,,,,,,,,,,,,,,,,,,,,,,,,,,,,,,,
"1255149","8bc14e769ae32599f6343cadd156c2d22f86a2a8f744167730d6dbf02d405f37cee48014d87b863fc0a8b141e3833af9a183900064dd0384c93b5b5f078ecbb7","JE493547","2021-12-31T02:10:00.000","1","DRIVER",,"1191421",,"INFINITI","FX35",,"2008","UNKNOWN","PASSENGER","PERSONAL","W","STRAIGHT AHEAD","Y",,"1",,,,,"Y","Y",,,,,,,,,"Y","Y",,"FRONT",,,,,,,,,,,,,,,,,,,,,,,,,,,,,,,,,
"1255150","8bc14e769ae32599f6343cadd156c2d22f86a2a8f744167730d6dbf02d405f37cee48014d87b863fc0a8b141e3833af9a183900064dd0384c93b5b5f078ecbb7","JE493547","2021-12-31T02:10:00.000","2","PARKED",,"1191423",,"BUICK","ENCORE","IL","2006","NONE","SPORT UTILITY VEHICLE (SUV)","UNKNOWN/NA","UNKNOWN","PARKED",,,"0",,,,,,,,,"Y","Y","Y",,,,"Y","Y",,"REAR-LEFT",,,,,,,,,,,,,,,,,,,,,,,,,,,,,,,,,
"1255165","26bae3add7acee99489a757e37a1fe327c52de845a7a13146918990fdcc9b7b11a86eb47bac2e69ecc50eaa7987e8e58cbbbc7d5cd8aaa1a7d14fb351299a851","JE493553","2021-12-31T02:03:00.000","1","DRIVER",,"1191437",,"MAZDA","MAZDA3","IL","2021","UNKNOWN","SPORT UTILITY VEHICLE (SUV)","UNKNOWN/NA","E","STRAIGHT AHEAD","Y",,"1",,"STREETS AND SAN",,,,,,,,,,,,,,,,"OTHER",,,,,,,,,,,,,,,,,,,,,,,,,,,,,,,,,
"1255251","651311702a28adb81709bc1e0e2fb2a13f23fac4dc8686bd559abdb50912eaecb327cc8185f1026cd7f96b30092da05b5c430a06d156d86a18ae8047429afca4","JE493792","2021-12-31T02:00:00.000","1","DRIVER",,"1191519",,"UNKNOWN","OTHER (EXPLAIN IN NARRATIVE)",,,"UNKNOWN","UNKNOWN/NA","UNKNOWN/NA","UNKNOWN","UNKNOWN/NA",,,"1",,,,,,,,,,,,,,,,,"Y","UNKNOWN",,,,,,,,,,,,,,,,,,,,,,,,,,,,,,,,,
"1255252","651311702a28adb81709bc1e0e2fb2a13f23fac4dc8686bd559abdb50912eaecb327cc8185f1026cd7f96b30092da05b5c430a06d156d86a18ae8047429afca4","JE493792","2021-12-31T02:00:00.000","2","PARKED",,"1191523",,"CHEVROLET","IMPALA","IL",,"NONE","PASSENGER","NOT IN USE","N","PARKED","Y",,"0",,"owner",,,,,,,,,,"Y","Y","Y","Y",,,"TOTAL (ALL AREAS)",,,,,,,,,,,,,,,,,,,,,,,,,,,,,,,,,
"1255146","f441d5dcea88b62f44a3350375e09f840241cbe2b03b4339d946a654d780d803d70ab7ac3372f5dfd15fe4c20804b096eb47d8d300ce1890601f4826efdba04c","JE493555","2021-12-31T01:51:00.000","1","DRIVER",,"1191417",,"UNKNOWN","MOTORIZED",,,"UNKNOWN","PASSENGER","UNKNOWN/NA","N","TURNING LEFT",,,"1",,,,,,,,,,,,,,,,,"Y","OTHER",,,,,,,,,,,,,,,,,,,,,,,,,,,,,,,,,
"1255147","f441d5dcea88b62f44a3350375e09f840241cbe2b03b4339d946a654d780d803d70ab7ac3372f5dfd15fe4c20804b096eb47d8d300ce1890601f4826efdba04c","JE493555","2021-12-31T01:51:00.000","2","PARKED",,"1191419",,"FORD","ECOSPORT","IL","2018","NONE","PASSENGER","NOT IN USE","N","PARKED",,,"0",,,,,,,,,,,,"Y","Y","Y","Y","N",,"FRONT-LEFT",,,,,,,,,,,,,,,,,,,,,,,,,,,,,,,,,
"1255148","f441d5dcea88b62f44a3350375e09f840241cbe2b03b4339d946a654d780d803d70ab7ac3372f5dfd15fe4c20804b096eb47d8d300ce1890601f4826efdba04c","JE493555","2021-12-31T01:51:00.000","3","PARKED",,"1191420",,"DODGE","JOURNEY","IL","2013","NONE","PASSENGER","NOT IN USE","N","STRAIGHT AHEAD",,,"0",,,,,,,,,,"Y","Y","Y","Y",,,,,"SIDE-LEFT",,,,,,,,,,,,,,,,,,,,,,,,,,,,,,,,,
"1255151","829f990cb5d2861fa310e4838e63e01bc726449fa23007b1989d43f380a05d9bf594b1d55dbd85e3602567ce56f5a743e112ccb37c45e3aee44c87317519f0d2","JE493538","2021-12-31T01:39:00.000","1","DRIVER","2","1191424",,"TOYOTA","CAMRY","IL","2003","UNKNOWN","PASSENGER","PERSONAL","S","STRAIGHT AHEAD","Y",,"3",,,,,,,,,,,,,,,,"Y",,"OTHER",,,,,,,,,,,,,,,,,,,,,,,,,,,,,,,,,
"1255145","87ac9b1f0ff7adf2d1e73866cea29aefaca781974117610106f5c90ecdcaaec6190f9c5da1fc770185076d8ed6320d1bdf250362169a20dd2405769cfdc4dfb9","JE493533","2021-12-31T01:35:00.000","1","DRIVER",,"1191416",,"FORD","ECONOLINE E250","IL","2000","UNKNOWN","VAN/MINI-VAN","UNKNOWN/NA","N","STRAIGHT AHEAD","Y",,"1",,,,,"Y",,,,,,,,,,,"Y",,"FRONT",,,,,,,,,,,,,,,,,,,,,,,,,,,,,,,,,
"1255144","fb3be6ee6fa6e655abbf47cbcbd3ad5702c49e96fd632f3db78eced62f0c34666e5e57c79a4c9b18719b5d967017f2a92d6c395d22c1fc42d64174beb49f2ca9","JE493534","2021-12-31T01:18:00.000","1","DRIVER",,"1191418",,"VOLKSWAGEN","JETTA","IL","2016","UNKNOWN","PASSENGER","PERSONAL","N","STRAIGHT AHEAD","Y",,"1",,,,,"Y","Y",,,,,,,,"N","N","Y",,"TOTAL (ALL AREAS)",,,,,,,,,,,,,,,,,,,,,,,,,,,,,,,,,
"1255136","16365221cf4132354a3ac453eb5cde37a8eafe2c2825ac0c16463eb3b95bcd9b1c832e2d152c23b68ea960419afc4ed7d588ff96b8a48cad6888f53649bc3dd6","JE493529","2021-12-31T01:06:00.000","1","DRIVER",,"1191410",,"DODGE","OTHER (EXPLAIN IN NARRATIVE)","IL","2002","UNKNOWN","PICKUP","PERSONAL","N","STRAIGHT AHEAD","Y",,"1",,,,,"N","N","Y","Y","Y",,"Y","Y","Y","Y","Y",,,"REAR",,,,,,,,,,,,,,,,,,,,,,,,,,,,,,,,,
"1255130","0d2ee59ce28bef717715d9552af63bb8ca5de0ab1a073a6d79298dcc94a05c4282f725d11ac3af5006ba881ed2c3d8037b4e8153b211df4ef70e644aebadb20a","JE493513","2021-12-31T01:03:00.000","1","DRIVER",,"1191404",,"UNKNOWN","OTHER (EXPLAIN IN NARRATIVE)",,,"UNKNOWN","UNKNOWN/NA","UNKNOWN/NA","NW","STRAIGHT AHEAD",,,"1",,,,,"Y","N",,,,,,,,,,"Y",,"FRONT",,,,,,,,,,,,,,,,,,,,,,,,,,,,,,,,,
"1255131","0d2ee59ce28bef717715d9552af63bb8ca5de0ab1a073a6d79298dcc94a05c4282f725d11ac3af5006ba881ed2c3d8037b4e8153b211df4ef70e644aebadb20a","JE493513","2021-12-31T01:03:00.000","2","PARKED",,"1191405",,"FREIGHTLINER CORPORATION","FREIGHTLINER CORP.","IL","2012","NONE","TRUCK - SINGLE UNIT","CONSTRUCTION/MAINTENANCE","NW","PARKED",,,"0",,,,,,"Y","Y",,,,,,,,,,,"SIDE-RIGHT",,,,,,,,,,,,,,,,,,,,,,,,,,,,,,,,,
"1256314","198e101f51f905de6317d8df3cf019dd65716ee12ab5484860507d9c336ae0ab5f95803dd473a6076eb49a2fa9a6c214157bb30090279e360855343955bdebd1","JF101273","2021-12-31T01:00:00.000","1","DRIVER",,"1192499",,"UNKNOWN","OTHER (EXPLAIN IN NARRATIVE)",,,"UNKNOWN","PASSENGER","PERSONAL","W","STRAIGHT AHEAD",,,"1",,,,,,,,,,,,,"N","N",,,"Y","ROOF",,,,,,,,,,,,,,,,,,,,,,,,,,,,,,,,,
"1256315","198e101f51f905de6317d8df3cf019dd65716ee12ab5484860507d9c336ae0ab5f95803dd473a6076eb49a2fa9a6c214157bb30090279e360855343955bdebd1","JF101273","2021-12-31T01:00:00.000","2","DRIVER",,"1192505",,"NISSAN","ROGUE","IL","2016","NONE","PASSENGER","PERSONAL","W","STRAIGHT AHEAD",,,"1",,,,,,,,,,,,"Y","Y","Y",,,,"SIDE-RIGHT",,,,,,,,,,,,,,,,,,,,,,,,,,,,,,,,,
"1255139","51d9c6c4386b9fddaaadd8681e1cbe62fff5216782fa8c41359e0151d7d261930b827c82750bbe0fc17f64f659ec3adb1bbe85bfaa0b4c1f5c4d216854d19bf8","JE493524","2021-12-31T01:00:00.000","1","DRIVER",,"1191413",,"CHEVROLET","TRAX","IL","2016","UNKNOWN","PASSENGER","UNKNOWN/NA","N","BACKING",,,"1",,,,,,,,"Y","Y",,,,,,,,,"REAR",,,,,,,,,,,,,,,,,,,,,,,,,,,,,,,,,
"1255140","51d9c6c4386b9fddaaadd8681e1cbe62fff5216782fa8c41359e0151d7d261930b827c82750bbe0fc17f64f659ec3adb1bbe85bfaa0b4c1f5c4d216854d19bf8","JE493524","2021-12-31T01:00:00.000","2","PARKED",,"1191414",,"MAZDA","MX-5","IL","2015","UNKNOWN","VAN/MINI-VAN","PERSONAL","N","PARKED",,,"0",,,,,,,,,,,,"Y","Y","Y","N",,,"ROOF",,,,,,,,,,,,,,,,,,,,,,,,,,,,,,,,,
"1255134","20d09ec30238f215edf1b854d4f0cc43e1fe591c2c35842b650b061e1b2b9140737c50d0517abfb5a6d6946e937d9c79bbad68b5463f5a2119731b97cc32a001","JE493508","2021-12-31T00:50:00.000","1","DRIVER",,"1191407",,"NISSAN","VERSA","IN","2016","UNKNOWN","PASSENGER","UNKNOWN/NA","N","STRAIGHT AHEAD","Y",,"1",,"CITY OF CHICAGO","POUND",,"Y","Y",,,,,,,,"Y","Y","Y",,"OTHER",,,,,,,,,,,,,,,,,,,,,,,,,,,,,,,,,
"1255135","20d09ec30238f215edf1b854d4f0cc43e1fe591c2c35842b650b061e1b2b9140737c50d0517abfb5a6d6946e937d9c79bbad68b5463f5a2119731b97cc32a001","JE493508","2021-12-31T00:50:00.000","2","DRIVER",,"1191408",,"TOYOTA","CAMRY","IL","2007","NONE","PASSENGER","PERSONAL","N","SLOW/STOP IN TRAFFIC",,,"1",,,,,,,,"Y","Y","Y","Y","Y",,,"N",,,"REAR-LEFT",,,,,,,,,,,,,,,,,,,,,,,,,,,,,,,,,
"1255154","47d1a97d5ec69e0165405bb992123d074ef33dbc15744a9a6ad03d079bd0113e2015f84b455cbf6bc59cb873228749159156b9d8269572b37de03b2b063b62f5","JE493557","2021-12-31T00:50:00.000","1","DRIVER",,"1191427",,"KIA","SEDONA","IL","2007","UNKNOWN","PASSENGER","PERSONAL","S","STRAIGHT AHEAD","Y",,"1",,"DCT & T TOWING","unknown destination",,"Y",,,,,,,,,,"Y","Y",,"OTHER",,,,,,,,,,,,,,,,,,,,,,,,,,,,,,,,,
"1255155","47d1a97d5ec69e0165405bb992123d074ef33dbc15744a9a6ad03d079bd0113e2015f84b455cbf6bc59cb873228749159156b9d8269572b37de03b2b063b62f5","JE493557","2021-12-31T00:50:00.000","2","DRIVER","1","1191425",,"NISSAN","ROGUE","IL","2016","NONE","PASSENGER","PERSONAL","W","STRAIGHT AHEAD","Y",,"2",,"DCT TOWING","OWNER'S PREFERENCE",,"Y","Y",,,,,,,,,"Y","Y",,"FRONT",,,,,,,,,,,,,,,,,,,,,,,,,,,,,,,,,
"1255141","fe25fa42956a9a38f3925423ec61aeed1dcf10df4f5433d134826818402ed5e5d019cd8ff6bd4459a935a0c5406eaae4dc72b607de77827701b61cf3c481ef8e","JE493521","2021-12-31T00:30:00.000","1","DRIVER",,"1191415",,"UNKNOWN","OTHER (EXPLAIN IN NARRATIVE)",,,"UNKNOWN","SPORT UTILITY VEHICLE (SUV)","UNKNOWN/NA","N","STRAIGHT AHEAD",,,"1",,,,,"Y",,,,,,,,,,"Y","Y","Y","OTHER",,,,,,,,,,,,,,,,,,,,,,,,,,,,,,,,,
"1255142","fe25fa42956a9a38f3925423ec61aeed1dcf10df4f5433d134826818402ed5e5d019cd8ff6bd4459a935a0c5406eaae4dc72b607de77827701b61cf3c481ef8e","JE493521","2021-12-31T00:30:00.000","2","DRIVER",,"1191422",,"TOYOTA","PRIUS","IL","2014","NONE","PASSENGER","TAXI/FOR HIRE","N","STRAIGHT AHEAD",,,"1",,,,,,,,,"Y","Y","Y",,,,,,,"REAR-LEFT",,,,,,,,,,,,,,,,,,,,,,,,,,,,,,,,,
"1255124","330e45f9dcdb2f81415fd4a3c8e7220ca0c72188115a80ad78182a1d6e685f32366de17001aeeab7d60bcefbfaa67a4245610b8b0d32b90b52f821a09e316022","JE493499","2021-12-31T00:25:00.000","1","DRIVER",,"1191391",,"TOYOTA","COROLLA","IL","2017","UNKNOWN","PASSENGER","TAXI/FOR HIRE","E","U-TURN",,,"1",,,,,"Y",,,,,,,,,,"Y","Y",,"OTHER",,,,,,,,,,,,,,,,,,,,,,,,,,,,,,,,,
"1255125","330e45f9dcdb2f81415fd4a3c8e7220ca0c72188115a80ad78182a1d6e685f32366de17001aeeab7d60bcefbfaa67a4245610b8b0d32b90b52f821a09e316022","JE493499","2021-12-31T00:25:00.000","2","DRIVER",,"1191397",,"CHEVROLET","MALIBU","IL","2019","UNKNOWN","PASSENGER","PERSONAL","E","STRAIGHT AHEAD",,,"1",,,,,"Y","Y","Y","Y","Y",,,,,,,,,"SIDE-RIGHT",,,,,,,,,,,,,,,,,,,,,,,,,,,,,,,,,
"1255129","6fad8c9a800348db33d77104ef7df6350adb469bd68df459283a5e5237574c00b3644bcb06d91f25bd448d2981a8fd7ab35e2e8006348ef0c3fd889c60138a29","JE493500","2021-12-31T00:24:00.000","1","DRIVER",,"1191402",,"DODGE","CHALLENGER","IL","2016","UNKNOWN","PASSENGER","PERSONAL","S","STRAIGHT AHEAD","Y",,"1",,"aidens towing and recovery",,,"Y",,,,,,,,,,"Y","Y",,"TOTAL (ALL AREAS)",,,,,,,,,,,,,,,,,,,,,,,,,,,,,,,,,
"1255118","26ff5334ad2f96acdfc3dab210f2f59d77f387af4b071c9128d096be71cd32baacf670426879c6685bce57ff3e3c2fbc407ee9dddfdf69c651ee6dbe2f40e224","JE493491","2021-12-31T00:04:00.000","1","DRIVER",,"1191390",,"TOYOTA","CAMRY","IL","2019","NONE","PASSENGER","TAXI/FOR HIRE","S","STRAIGHT AHEAD",,,"1",,,,,,,,,,,,,"Y","Y","Y",,,"ROOF",,,,,,,,,,,,,,,,,,,,,,,,,,,,,,,,,