"crash_unit_id","crash_record_id","rd_no","crash_date","unit_no","unit_type","num_passengers","vehicle_id","cmrc_veh_i","make","model","lic_plate_state","vehicle_year","vehicle_defect","vehicle_type","vehicle_use","travel_direction","maneuver","towed_i","fire_i","occupant_cnt","exceed_speed_limit_i","towed_by","towed_to","area_00_i","area_01_i","area_02_i","area_03_i","area_04_i","area_05_i","area_06_i","area_07_i","area_08_i","area_09_i","area_10_i","area_11_i","area_12_i","area_99_i","first_contact_point","cmv_id","usdot_no","ccmc_no","ilcc_no","commercial_src","gvwr","carrier_name","carrier_state","carrier_city","hazmat_placards_i","hazmat_name","un_no","hazmat_present_i","hazmat_report_i","hazmat_report_no","mcs_report_i","mcs_report_no","hazmat_vio_cause_crash_i","mcs_vio_cause_crash_i","idot_permit_no","wide_load_i","trailer1_width","trailer2_width","trailer1_length","trailer2_length","total_vehicle_length","axle_cnt","vehicle_config","cargo_body_type","load_type","hazmat_out_of_service_i","mcs_out_of_service_i","hazmat_class"
"1255119","26ff5334ad2f96acdfc3dab210f2f59d77f387af4b071c9128d096be71cd32baacf670426879c6685bce57ff3e3c2fbc407ee9dddfdf69c651ee6dbe2f40e224","JE493491","2021-12-31T00:04:00.000","2","DRIVER","1","1191395",,"NISSAN","KICKS","IL","2020","UNKNOWN","PASSENGER","PERSONAL","S","STRAIGHT AHEAD",,,"2",,,,,"Y","Y",,,,,,,,,,,,"FRONT",,,,,,,,,,,,,,,,,,,,,,,,,,,,,,,,,
"1255132","83991427f67a99039881775d52ea94bcb67f9c8176ac3fe9a0a24ce8afa69cb6157b69716e426c66b3356a7f68e347c41a7178f9eb94a6106cab3f4df7d24440","JE493488","2021-12-30T23:57:00.000","1","DRIVER","2","1191406",,"CHEVROLET","MALIBU","IL","2010","NONE","PASSENGER","PERSONAL","S","STRAIGHT AHEAD","Y",,"3",,"smooth towing","6717 s chicago ave",,,,,,,,,,,,"Y","N",,"TOTAL (ALL AREAS)",,,,,,,,,,,,,,,,,,,,,,,,,,,,,,,,,
"1255133","83991427f67a99039881775d52ea94bcb67f9c8176ac3fe9a0a24ce8afa69cb6157b69716e426c66b3356a7f68e347c41a7178f9eb94a6106cab3f4df7d24440","JE493488","2021-12-30T23:57:00.000","2","DRIVER",,"1191409",,"TOYOTA","CAMRY","IL","2019","NONE","PASSENGER","PERSONAL","W","STRAIGHT AHEAD","Y",,"1",,"smooth towing","6717 s chicago aVE",,"Y","Y",,,,,,,,,,"Y",,"FRONT",,,,,,,,,,,,,,,,,,,,,,,,,,,,,,,,,
"1255126","1a5f6752dbae9d0479bfbbfb3f69b654df9a335851dc56125a9d5a142aca941abb5d94ec9a82d59eff6d0671280524675ed97bf0344a9f3cfa863cd27423cb7c","JE493504","2021-12-30T23:50:00.000","1","DRIVER",,"1191399",,"ACURA","CL","IL","2021","NONE","PASSENGER","PERSONAL","W","MERGING",,,"1",,,,,,,,,,,,,,,"Y",,,"TOTAL (ALL AREAS)",,,,,,,,,,,,,,,,,,,,,,,,,,,,,,,,,
"1255127","1a5f6752dbae9d0479bfbbfb3f69b654df9a335851dc56125a9d5a142aca941abb5d94ec9a82d59eff6d0671280524675ed97bf0344a9f3cfa863cd27423cb7c","JE493504","2021-12-30T23:50:00.000","2","DRIVER",,"1191403",,"HYUNDAI","ELANTRA","IL","2017","NONE","PASSENGER","PERSONAL","S","STRAIGHT AHEAD",,,"1",,,,,,,,,,,"Y",,,,,,,"SIDE-LEFT",,,,,,,,,,,,,,,,,,,,,,,,,,,,,,,,,
"1255113","d6c9d5c52382e49df3ab10fbe4bae06e2d93ac38a283016915222a525a4b4b03825b2d8021be8cba875b96a58386e132cbcff9c5ca1d34f8b9333b0a5724e8e6","JE493473","2021-12-30T23:47:00.000","1","DRIVER",,"1191382",,"DODGE","CARAVAN","IL","2010","UNKNOWN","VAN/MINI-VAN","PERSONAL","E","STRAIGHT AHEAD","Y",,"1",,"city of chicago","103/doty",,"Y",,,,,,"Y","Y",,"N","N",,,"FRONT-LEFT",,,,,,,,,,,,,,,,,,,,,,,,,,,,,,,,,
"1255114","d6c9d5c52382e49df3ab10fbe4bae06e2d93ac38a283016915222a525a4b4b03825b2d8021be8cba875b96a58386e132cbcff9c5ca1d34f8b9333b0a5724e8e6","JE493473","2021-12-30T23:47:00.000","2","PARKED",,"1191388",,"SUBARU","IMPREZA","IL","2017","NONE","PASSENGER","PERSONAL","W","PARKED",,,"0",,,,,,,,,,,"N","N","Y","N",,,,"ROOF",,,,,,,,,,,,,,,,,,,,,,,,,,,,,,,,,
"1255115","d6c9d5c52382e49df3ab10fbe4bae06e2d93ac38a283016915222a525a4b4b03825b2d8021be8cba875b96a58386e132cbcff9c5ca1d34f8b9333b0a5724e8e6","JE493473","2021-12-30T23:47:00.000","3","PARKED",,"1191393",,"DODGE","CHARGER","IL","2015","UNKNOWN","PASSENGER","PERSONAL","W","PARKED","Y",,"0",,"A&E TOWING",,,"N",,,,,,"N","N","N","Y","Y","N",,"UNDER CARRIAGE",,,,,,,,,,,,,,,,,,,,,,,,,,,,,,,,,
"1255168","4e3e4a9d49e7d947e4e37317596705b74b58052eaf1937f9ed2a7f7197f4d6d33cc3b04cbbe4fc15342eb74ccb7764d7702d7f69e095b982a6bc20d50aa0c013","JE493570","2021-12-30T23:46:00.000","1","DRIVER","3","1191440",,"HONDA","CR-V","IL","1998","UNKNOWN","SPORT UTILITY VEHICLE (SUV)","PERSONAL","W","OTHER","Y",,"4",,"mozdzierz 18323","10301 s doty rd",,"Y",,,,,,"Y","Y","Y","Y","Y","Y",,"OTHER",,,,,,,,,,,,,,,,,,,,,,,,,,,,,,,,,
"1255169","4e3e4a9d49e7d947e4e37317596705b74b58052eaf1937f9ed2a7f7197f4d6d33cc3b04cbbe4fc15342eb74ccb7764d7702d7f69e095b982a6bc20d50aa0c013","JE493570","2021-12-30T23:46:00.000","2","PARKED",,"1191442",,"TOYOTA","SIENNA","IL","2012","NONE","VAN/MINI-VAN","NOT IN USE","W","PARKED",,,"0",,,,,,,,,"Y","Y","Y",,,,"Y","Y",,"SIDE-LEFT",,,,,,,,,,,,,,,,,,,,,,,,,,,,,,,,,
"1255170","4e3e4a9d49e7d947e4e37317596705b74b58052eaf1937f9ed2a7f7197f4d6d33cc3b04cbbe4fc15342eb74ccb7764d7702d7f69e095b982a6bc20d50aa0c013","JE493570","2021-12-30T23:46:00.000","3","PARKED",,"1191444",,"CADILLAC","ESCALADE","IL","2002","NONE","SPORT UTILITY VEHICLE (SUV)","NOT IN USE","W","PARKED",,,"0",,,,,,,,,"Y","Y","Y",,,,,,,"REAR-LEFT",,,,,,,,,,,,,,,,,,,,,,,,,,,,,,,,,
"1255224","75224392c2599d276dc4bfb5091921e08bfc033f084392dfb3cbed734b3f996914c122115dc5f3f09f222981414ab5db1fcb1ec6cb0ff078dda683a2d2adc551","JE493711","2021-12-30T23:45:00.000","1","DRIVER",,"1191492",,"UNKNOWN","OTHER (EXPLAIN IN NARRATIVE)",,,"UNKNOWN","UNKNOWN/NA","UNKNOWN/NA","N","STRAIGHT AHEAD",,,"1",,,,,,,,,,,,,,,"Y",,,"UNKNOWN",,,,,,,,,,,,,,,,,,,,,,,,,,,,,,,,,
"1255225","75224392c2599d276dc4bfb5091921e08bfc033f084392dfb3cbed734b3f996914c122115dc5f3f09f222981414ab5db1fcb1ec6cb0ff078dda683a2d2adc551","JE493711","2021-12-30T23:45:00.000","2","PARKED",,"1191495",,"TOYOTA","TACOMA","IL","2021","NONE","PICKUP","NOT IN USE","N","PARKED",,,"0",,,,,,,,,"Y",,,,,,,,,"REAR-RIGHT",,,,,,,,,,,,,,,,,,,,,,,,,,,,,,,,,
"1255122","6a45a5bcda41d615c47fbfe6fa3cf5b4ceeb189798724ffe5196cade131971587eb4f50d43361f111e8e5dcc7eb40b34d57cce56345c8aee638478b2aa42c8f0","JE493492","2021-12-30T23:40:00.000","1","DRIVER",,"1191396",,"TOYOTA","COROLLA","CO","2021","NONE","PASSENGER","PERSONAL","W","STRAIGHT AHEAD",,,"1",,,,,"Y",,,,,,,,,,"Y","Y",,"OTHER",,,,,,,,,,,,,,,,,,,,,,,,,,,,,,,,,
"1255123","6a45a5bcda41d615c47fbfe6fa3cf5b4ceeb189798724ffe5196cade131971587eb4f50d43361f111e8e5dcc7eb40b34d57cce56345c8aee638478b2aa42c8f0","JE493492","2021-12-30T23:40:00.000","2","PARKED",,"1191398",,"CHEVROLET","EQUINOX","IL","2017","NONE","PASSENGER","PERSONAL","S","PARKED",,,"0",,,,,,,,,,,,"Y","Y","Y","N",,,"ROOF",,,,,,,,,,,,,,,,,,,,,,,,,,,,,,,,,
"1256386","b9944f6ef5c3a5c0745fd2578f73c9749e60ec00f38d2e64e2483a7da26becebe0d0eda2112f1a16a3c0fb37ea9338d1ece1af6623bb7a18646c8552a7fc0e5f","JF101350","2021-12-30T23:38:00.000","1","DRIVER",,"1192580",,"DODGE","CHARGER","IL","2016","NONE","PASSENGER","UNKNOWN/NA","N","ENTER FROM DRIVE/ALLEY",,,"1",,,,,,,,,,,,,,,,,"Y","OTHER",,,,,,,,,,,,,,,,,,,,,,,,,,,,,,,,,
"1255104","f0d3f241728d2cd757f1d9f6aa4c0722b23f8027ecabb7d518f15b0e3ef9711a6bcadd2dc0772cb915011bc4b04b1c032bed076df45bdf3bbfd5a0659ab19c2e","JE493467","2021-12-30T23:23:00.000","1","DRIVER","1","1191377",,"HONDA","HR-V","IL","2016","NONE","PASSENGER","PERSONAL","N","STRAIGHT AHEAD","Y",,"2",,"PRIVATE TOW",,,"Y",,,,,,,,,,"Y","Y",,"OTHER",,,,,,,,,,,,,,,,,,,,,,,,,,,,,,,,,
"1255105","f0d3f241728d2cd757f1d9f6aa4c0722b23f8027ecabb7d518f15b0e3ef9711a6bcadd2dc0772cb915011bc4b04b1c032bed076df45bdf3bbfd5a0659ab19c2e","JE493467","2021-12-30T23:23:00.000","2","DRIVER","1","1191381",,"NISSAN","ALTIMA","IL","2010","NONE","PASSENGER","PERSONAL","W","STRAIGHT AHEAD","Y",,"2",,"LIMITLESS TOWING AND RECOVERY","5050 W. DIVSERSEY",,,,,,,,,"Y","Y","Y","Y","Y",,"ROOF",,,,,,,,,,,,,,,,,,,,,,,,,,,,,,,,,
"1255106","f0d3f241728d2cd757f1d9f6aa4c0722b23f8027ecabb7d518f15b0e3ef9711a6bcadd2dc0772cb915011bc4b04b1c032bed076df45bdf3bbfd5a0659ab19c2e","JE493467","2021-12-30T23:23:00.000","3","PARKED",,"1191384",,"SATURN","SL","IL","2002","NONE","PASSENGER","NOT IN USE","E","PARKED","Y",,"0",,"ON THE SCENE RECOVERY","2023 W. GRAND AVE",,,,,"Y",,,,"Y","Y","Y",,,,"ROOF",,,,,,,,,,,,,,,,,,,,,,,,,,,,,,,,,
"1255107","f0d3f241728d2cd757f1d9f6aa4c0722b23f8027ecabb7d518f15b0e3ef9711a6bcadd2dc0772cb915011bc4b04b1c032bed076df45bdf3bbfd5a0659ab19c2e","JE493467","2021-12-30T23:23:00.000","4","PARKED",,"1191387",,"TOYOTA","CAMRY","FL","2018","NONE","PASSENGER","NOT IN USE","E","PARKED","Y",,"0",,"PRIVATE TOW",,,,,,,"Y","Y","Y",,,,"Y","Y",,"TOTAL (ALL AREAS)",,,,,,,,,,,,,,,,,,,,,,,,,,,,,,,,,
"1255108","f0d3f241728d2cd757f1d9f6aa4c0722b23f8027ecabb7d518f15b0e3ef9711a6bcadd2dc0772cb915011bc4b04b1c032bed076df45bdf3bbfd5a0659ab19c2e","JE493467","2021-12-30T23:23:00.000","5","PARKED",,"1191389",,"BMW","328I","IL","2014","NONE","PASSENGER","NOT IN USE","E","PARKED",,,"0",,,,,,,,,,,,,,,"Y","Y",,"OTHER",,,,,,,,,,,,,,,,,,,,,,,,,,,,,,,,,
"1255109","93885d4c6e257e66e5f17f088d82e926465616e05da26aebbe8e35492168c1a9a62d6352a08c1a639f9fdd56abf4262b1cc90e8f43dfffe8b4d6a31efc7ca38f","JE493469","2021-12-30T23:15:00.000","1","DRIVER",,"1191379",,"HYUNDAI","SONATA","IL","2017","UNKNOWN","PASSENGER","UNKNOWN/NA","E","ENTERING TRAFFIC LANE FROM PARKING",,,"1",,,,,,,,,,,,,,,"Y",,,"TOTAL (ALL AREAS)",,,,,,,,,,,,,,,,,,,,,,,,,,,,,,,,,
"1255110","93885d4c6e257e66e5f17f088d82e926465616e05da26aebbe8e35492168c1a9a62d6352a08c1a639f9fdd56abf4262b1cc90e8f43dfffe8b4d6a31efc7ca38f","JE493469","2021-12-30T23:15:00.000","2","DRIVER","1","1191380",,"PONTIAC","G6","IL","2007","NONE","PASSENGER","PERSONAL","E","STRAIGHT AHEAD",,,"2",,,,,,,,"Y","Y",,,,,,,,,"REAR",,,,,,,,,,,,,,,,,,,,,,,,,,,,,,,,,
"1255103","41db92eebe41c11061c8fe056ba7b80f1974320ad20374715e878374dd60353784907bfc8241439647040cab146abac4a608e386c3dd4e46d193ced63e169646","JE493450","2021-12-30T23:10:00.000","1","DRIVER","5","1191376",,"HONDA","ODYSSEY","IL","2018","UNKNOWN","PASSENGER","PERSONAL","E","TURNING LEFT","Y",,"6",,"PRIVATE TOW",,,"Y","Y",,,,,,,,"Y","Y","Y",,"OTHER",,,,,,,,,,,,,,,,,,,,,,,,,,,,,,,,,
"1255111","e95669b125f131d767918554f5008a3179c604f0678b0ee6107345306833438a2ebd3ca736248b34216e35a82b55ed1fb633beace3d1ef6ef7e26ce8474e6046","JE493448","2021-12-30T23:01:00.000","1","DRIVER",,"1191394",,"FORD","FIESTA","IL","2015","UNKNOWN","PASSENGER","PERSONAL","S","UNKNOWN/NA",,,"1",,,,,,,,,,,,,,,"Y",,,"OTHER",,,,,,,,,,,,,,,,,,,,,,,,,,,,,,,,,
"1255112","e95669b125f131d767918554f5008a3179c604f0678b0ee6107345306833438a2ebd3ca736248b34216e35a82b55ed1fb633beace3d1ef6ef7e26ce8474e6046","JE493448","2021-12-30T23:01:00.000","2","DRIVER",,"1191400",,"LINCOLN","AVIATOR","IL","2021","UNKNOWN","PASSENGER","PERSONAL","S","UNKNOWN/NA",,,"1",,,,,,,"Y","Y",,,,,,,,,,"REAR-RIGHT",,,,,,,,,,,,,,,,,,,,,,,,,,,,,,,,,
"1255120","f85d56563b36237d88bbbdce4d1fb2b90d87da084d2f0f8aec3e28792cc9e4c9dd491ef29b681a623810e06a58714d4e339cd712058062304e777e31785d5069","JE493460","2021-12-30T22:59:00.000","1","DRIVER","1","1191392",,"JEEP","COMPASS","IL","2008","UNKNOWN","PASSENGER","PERSONAL","W","MERGING","N",,"2",,,,,"Y","Y",,,,,,,,,,,,"FRONT",,,,,,,,,,,,,,,,,,,,,,,,,,,,,,,,,
"1255121","f85d56563b36237d88bbbdce4d1fb2b90d87da084d2f0f8aec3e28792cc9e4c9dd491ef29b681a623810e06a58714d4e339cd712058062304e777e31785d5069","JE493460","2021-12-30T22:59:00.000","2","DRIVER","3","1191401",,"JEEP","CHEROKEE","NJ","2020","UNKNOWN","PASSENGER","PERSONAL","W","STRAIGHT AHEAD",,,"4",,,,,,,,,,,"Y","Y","Y",,,,,"FRONT-LEFT",,,,,,,,,,,,,,,,,,,,,,,,,,,,,,,,,
"1255137","629846065f2798a16a8e9091cd17f4acb82f422e3d0b799da2739480fea71db9871779f31c60b7785c6b11426a714d1aefe19fadc6a67b71d88445ff23026b95","JE493444","2021-12-30T22:22:00.000","1","DRIVER",,"1191411",,"HONDA","ACCORD","IL","1998","UNKNOWN","PASSENGER","UNKNOWN/NA","E","STRAIGHT AHEAD","Y",,"1",,"CITY OF CHICAGO","701 N SACRAMENTO",,"N",,,,,,,,,,"Y","Y",,"TOTAL (ALL AREAS)",,,,,,,,,,,,,,,,,,,,,,,,,,,,,,,,,
"1255138","629846065f2798a16a8e9091cd17f4acb82f422e3d0b799da2739480fea71db9871779f31c60b7785c6b11426a714d1aefe19fadc6a67b71d88445ff23026b95","JE493444","2021-12-30T22:22:00.000","2","DRIVER",,"1191412",,"CHEVROLET","EQUINOX","IL","2015","UNKNOWN","UNKNOWN/NA","UNKNOWN/NA","W","UNKNOWN/NA","Y",,"1",,"COOK COUNTY TOWING","KOLMAR AVE TOW YARD",,,,,,,,,,,,"Y",,,"TOTAL (ALL AREAS)",,,,,,,,,,,,,,,,,,,,,,,,,,,,,,,,,
"1255090","3d887ae602b85a8be3b9d0e52bb95cd9e868940ac69d9c74a7c6cd488563b7ae91bff1057bbebad926d3e03b4298d1b7ba549c5d1754db3c4a9bc25189bf0f19","JE493416","2021-12-30T21:57:00.000","1","DRIVER","1","1191364",,"CHEVROLET","MALIBU","IL","2016","NONE","PASSENGER","PERSONAL","W","STRAIGHT AHEAD","Y",,"2",,"PERSONAL  TOW",,,"Y",,,,,,,,,,"Y","Y",,"FRONT",,,,,,,,,,,,,,,,,,,,,,,,,,,,,,,,,
"1255091","3d887ae602b85a8be3b9d0e52bb95cd9e868940ac69d9c74a7c6cd488563b7ae91bff1057bbebad926d3e03b4298d1b7ba549c5d1754db3c4a9bc25189bf0f19","JE493416","2021-12-30T21:57:00.000","2","DRIVER",,"1191371",,"CHRYSLER","200","IL","2015","UNKNOWN","PASSENGER","PERSONAL","E","STRAIGHT AHEAD","Y",,"1",,"CITY",,,"Y",,,,,,,,,,"Y","Y",,"OTHER",,,,,,,,,,,,,,,,,,,,,,,,,,,,,,,,,
"1255116","8a7ee0ccd37a0e28999c0c40c4efb99ebe5b09594f56ba8d32a63c231b9d6e0dcd763cc8fc6236b8f8fd8c4eb036425d05aa6acc7f67477c1e6d161978eaeb51","JE493425","2021-12-30T21:50:00.000","1","DRIVER",,"1191383",,"TOYOTA","COROLLA","IL","2020","UNKNOWN","PASSENGER","UNKNOWN/NA","W","PASSING/OVERTAKING",,,"1",,,,,,,,,,,,,,"N","N","N","Y","UNKNOWN",,,,,,,,,,,,,,,,,,,,,,,,,,,,,,,,,
"1255117","8a7ee0ccd37a0e28999c0c40c4efb99ebe5b09594f56ba8d32a63c231b9d6e0dcd763cc8fc6236b8f8fd8c4eb036425d05aa6acc7f67477c1e6d161978eaeb51","JE493425","2021-12-30T21:50:00.000","2","DRIVER",,"1191385",,"HYUNDAI","ELANTRA","IL","2012","NONE","PASSENGER","PERSONAL","W","STRAIGHT AHEAD",,,"1",,,,,"Y","Y",,,,,,,,,,,,"UNDER CARRIAGE",,,,,,,,,,,,,,,,,,,,,,,,,,,,,,,,,
"1255264","ad65f355f3e29977454e43648e2dcfc70d23e4b87eadd2f82e40d4d384fc965cc14951c81c33ab21ed16c55c23816371d053d9a1dafafbfad90c1ac39e3704fe","JE493900","2021-12-30T21:30:00.000","1","DRIVER","2","1191530",,"CHEVROLET","OTHER (EXPLAIN IN NARRATIVE)","IL","2008","NONE","PASSENGER","UNKNOWN/NA","W","CHANGING LANES",,,"3",,,,,"N","Y","Y","Y",,,,,,,,,,"SIDE-RIGHT",,,,,,,,,,,,,,,,,,,,,,,,,,,,,,,,,
"1255265","ad65f355f3e29977454e43648e2dcfc70d23e4b87eadd2f82e40d4d384fc965cc14951c81c33ab21ed16c55c23816371d053d9a1dafafbfad90c1ac39e3704fe","JE493900","2021-12-30T21:30:00.000","2","DRIVER","1","1191541",,"BMW","328I","IL","2016","NONE","PASSENGER","PERSONAL","W","STRAIGHT AHEAD",,,"2",,,,,,,,,,,,,,,"Y",,,"TOTAL (ALL AREAS)",,,,,,,,,,,,,,,,,,,,,,,,,,,,,,,,,
"1255095","49f93020e6143908ab9b7e81a9d56a17fbf2e07d3db675b64f0554d1cd941b46fb59926d0cb8ba603bec90a9683e4b0e821d9a81dd1750dfc9de2f65dc80ecd5","JE493410","2021-12-30T21:25:00.000","1","DRIVER","1","1191369",,"TOYOTA","COROLLA","IL",,"UNKNOWN","PASSENGER","UNKNOWN/NA","N","MERGING",,,"2",,,,,,,,,,,,,,,"Y",,,"TOTAL (ALL AREAS)",,,,,,,,,,,,,,,,,,,,,,,,,,,,,,,,,
"1255096","49f93020e6143908ab9b7e81a9d56a17fbf2e07d3db675b64f0554d1cd941b46fb59926d0cb8ba603bec90a9683e4b0e821d9a81dd1750dfc9de2f65dc80ecd5","JE493410","2021-12-30T21:25:00.000","2","DRIVER",,"1191373",,"JEEP","COMPASS","IL",,"UNKNOWN","SPORT UTILITY VEHICLE (SUV)","UNKNOWN/NA","N","STRAIGHT AHEAD",,,"1",,,,,,,,,"Y",,,,,,,,,,,,,,,,,,,,,,,,,,,,,,,,,,,,,,,,,,
"1255097","598f3d2743d6610b4df42a16063095f19945199508d8c206acb3f2ee1aee5a0c23b0e9c5bcdd984d0b38a1db0af586b6f7cdc56c8e9b6cd0b0b3ec2d394af7a2","JE493436","2021-12-30T21:22:00.000","1","DRIVER",,"1191368",,"TOYOTA","CAMRY","IL","2015","UNKNOWN","PASSENGER","PERSONAL","N","LEAVING TRAFFIC LANE TO PARK","Y",,"1",,"unit 1 insurance","owner's preference",,"Y",,,,,,,,,,"Y","Y",,"OTHER",,,,,,,,,,,,,,,,,,,,,,,,,,,,,,,,,
"1255098","598f3d2743d6610b4df42a16063095f19945199508d8c206acb3f2ee1aee5a0c23b0e9c5bcdd984d0b38a1db0af586b6f7cdc56c8e9b6cd0b0b3ec2d394af7a2","JE493436","2021-12-30T21:22:00.000","2","PARKED","1","1191370",,"TOYOTA","CAMRY","IL","2015","UNKNOWN","PASSENGER","PERSONAL","N","PARKED","Y",,"1",,"unit 1's insurance","unit 2 owner preference",,,,,,"Y","Y","Y",,,,,,,"REAR-LEFT",,,,,,,,,,,,,,,,,,,,,,,,,,,,,,,,,
"1255076","4c485fdacc68a780eaa5afd322a9f3930caa0ca00484d701f2967f2e16aba2e8944e9d89e145bc4ebd75c28bf1be2f615015c898cf70c6b0769e28bb298cd4fe","JE493404","2021-12-30T21:20:00.000","1","DRIVERLESS","2","1191351",,"CHEVROLET","IMPALA","IL","2018","UNKNOWN","UNKNOWN/NA","NOT IN USE","S","PARKED",,,"2",,,,,"Y","Y","Y",,,,,,,,,,,"SIDE-RIGHT",,,,,,,,,,,,,,,,,,,,,,,,,,,,,,,,,
"1255077","4c485fdacc68a780eaa5afd322a9f3930caa0ca00484d701f2967f2e16aba2e8944e9d89e145bc4ebd75c28bf1be2f615015c898cf70c6b0769e28bb298cd4fe","JE493404","2021-12-30T21:20:00.000","2","DRIVER",,"1191355",,"SUZUKI","GRAND VITARA","IL","2001","NONE","PASSENGER","PERSONAL","S","STRAIGHT AHEAD",,,"1",,,,,,,,,,,,,,"Y","Y",,,"ROOF",,,,,,,,,,,,,,,,,,,,,,,,,,,,,,,,,
"1255088","4da36913749e64360eb1ce8e7cdf39bf6300776ec9290e0eb48ccac029c094ab50850cfaa0aec7dfffd2df3c814c2fa3067c8cdd60d5ccf53a726a2e70aae2fa","JE493422","2021-12-30T21:18:00.000","1","DRIVER",,"1191362",,"HONDA","ACCORD","IL","2009","UNKNOWN","PASSENGER","UNKNOWN/NA","E","UNKNOWN/NA","Y",,"1",,"City of Chicago","impound",,,,,,,,,,"Y","Y","Y",,,"ROOF",,,,,,,,,,,,,,,,,,,,,,,,,,,,,,,,,
"1255089","4da36913749e64360eb1ce8e7cdf39bf6300776ec9290e0eb48ccac029c094ab50850cfaa0aec7dfffd2df3c814c2fa3067c8cdd60d5ccf53a726a2e70aae2fa","JE493422","2021-12-30T21:18:00.000","2","PARKED",,"1191365",,"JEEP","GRAND CHEROKEE","IL","2013","UNKNOWN","SPORT UTILITY VEHICLE (SUV)","PERSONAL","E","PARKED",,,"0",,,,,"Y","Y","Y","Y",,,,,,,,,,"SIDE-RIGHT",,,,,,,,,,,,,,,,,,,,,,,,,,,,,,,,,
"1255074","d6c6cb023850d2c183914a2aa6410a321b49bd0fb3bd106b7e5864fdbda371b716d07f1fe84f872a7fca7a90b12528eec54a6e1520f583d65b647b73a916e4a0","JE493388","2021-12-30T21:03:00.000","1","DRIVER",,"1191350",,"FORD","EDGE",,,"UNKNOWN","PASSENGER","PERSONAL","N","ENTERING TRAFFIC LANE FROM PARKING",,,"1",,,,,"Y","Y",,,,,,,,,,,,"SIDE-RIGHT",,,,,,,,,,,,,,,,,,,,,,,,,,,,,,,,,
"1255075","d6c6cb023850d2c183914a2aa6410a321b49bd0fb3bd106b7e5864fdbda371b716d07f1fe84f872a7fca7a90b12528eec54a6e1520f583d65b647b73a916e4a0","JE493388","2021-12-30T21:03:00.000","2","PARKED",,"1191354",,"HONDA","ACCORD","IL","2019","NONE","PASSENGER","PERSONAL","N","PARKED","Y",,"0",,"PRIVATE TOW",,,,,,,,,,,"Y","Y","Y",,,"ROOF",,,,,,,,,,,,,,,,,,,,,,,,,,,,,,,,,
"1255078","85cb50ee4a616ea80685969d0dc9e228eb22ae3462c576079b197417c8325915257e16222e92a52a6e3edf2f3f57e47a40b70ab42509c4504ed5f7d7d76578ea","JE493379","2021-12-30T20:50:00.000","1","DRIVER","1","1191352",,"CHEVROLET","TRAX","IL","2019","UNKNOWN","OTHER","PERSONAL","S","TURNING RIGHT",,,"2",,,,,"Y","Y","Y","Y",,,,,,,,,,"SIDE-RIGHT",,,,,,,,,,,,,,,,,,,,,,,,,,,,,,,,,
"1255079","85cb50ee4a616ea80685969d0dc9e228eb22ae3462c576079b197417c8325915257e16222e92a52a6e3edf2f3f57e47a40b70ab42509c4504ed5f7d7d76578ea","JE493379","2021-12-30T20:50:00.000","2","DRIVER",,"1191358",,"HONDA","ACCORD","IL","2009","UNKNOWN","PASSENGER","PERSONAL","S","TURNING RIGHT",,,"1",,,,,"Y",,,,,,,,,,"Y","Y",,"OTHER",,,,,,,,,,,,,,,,,,,,,,,,,,,,,,,,,
"1255991","237bd85c49c064ab3443571f86de2524d27c9f684334a1d753ef38a2189e1d9d822113ff2f3b0bb0c2fec3bf36288e7dcd3f1a7b63b3838c74a5e8c8fe3317f9","JF100625","2021-12-30T20:49:00.000","1","DRIVER",,"1192185",,"CHEVROLET","OTHER (EXPLAIN IN NARRATIVE)","IL","2014","UNKNOWN","PASSENGER","UNKNOWN/NA","N","STRAIGHT AHEAD",,,"1",,,,,,,,,,"N",,,,,,,"Y","OTHER",,,,,,,,,,,,,,,,,,,,,,,,,,,,,,,,,