"crash_unit_id","crash_record_id","rd_no","crash_date","unit_no","unit_type","num_passengers","vehicle_id","cmrc_veh_i","make","model","lic_plate_state","vehicle_year","vehicle_defect","vehicle_type","vehicle_use","travel_direction","maneuver","towed_i","fire_i","occupant_cnt","exceed_speed_limit_i","towed_by","towed_to","area_00_i","area_01_i","area_02_i","area_03_i","area_04_i","area_05_i","area_06_i","area_07_i","area_08_i","area_09_i","area_10_i","area_11_i","area_12_i","area_99_i","first_contact_point","cmv_id","usdot_no","ccmc_no","ilcc_no","commercial_src","gvwr","carrier_name","carrier_state","carrier_city","hazmat_placards_i","hazmat_name","un_no","hazmat_present_i","hazmat_report_i","hazmat_report_no","mcs_report_i","mcs_report_no","hazmat_vio_cause_crash_i","mcs_vio_cause_crash_i","idot_permit_no","wide_load_i","trailer1_width","trailer2_width","trailer1_length","trailer2_length","total_vehicle_length","axle_cnt","vehicle_config","cargo_body_type","load_type","hazmat_out_of_service_i","mcs_out_of_service_i","hazmat_class"
"1255992","237bd85c49c064ab3443571f86de2524d27c9f684334a1d753ef38a2189e1d9d822113ff2f3b0bb0c2fec3bf36288e7dcd3f1a7b63b3838c74a5e8c8fe3317f9","JF100625","2021-12-30T20:49:00.000","2","DRIVER",,"1192188",,"HYUNDAI","ELANTRA","IL","2009","UNKNOWN","PASSENGER","PERSONAL","N","STRAIGHT AHEAD",,,"1",,,,,,,,,,"Y",,,,,,,,"REAR-LEFT",,,,,,,,,,,,,,,,,,,,,,,,,,,,,,,,,
"1255069","dbdcba4e31377a632ed65b85c4a004ca75ab3138ee34926c0d1b6b0d93da31ebcf0290536b589fe4211a3a229c6037acdcd29b6fc012f3f2f45ec1a9e5346184","JE493372","2021-12-30T20:40:00.000","1","DRIVER",,"1191346",,"BUICK","LESABRE","XX","2000","UNKNOWN","PASSENGER","PERSONAL","NW","STRAIGHT AHEAD","Y",,"1",,"CITY OF CHICAGO",,,"Y","Y",,,,,,,,"Y","Y","Y",,"OTHER",,,,,,,,,,,,,,,,,,,,,,,,,,,,,,,,,
"1255070","dbdcba4e31377a632ed65b85c4a004ca75ab3138ee34926c0d1b6b0d93da31ebcf0290536b589fe4211a3a229c6037acdcd29b6fc012f3f2f45ec1a9e5346184","JE493372","2021-12-30T20:40:00.000","2","DRIVER",,"1191349",,"TOYOTA","RAV4","IN","2018","UNKNOWN","PASSENGER","PERSONAL","W","STRAIGHT AHEAD","Y",,"1",,,,,,,,,,,"Y","Y","Y",,,,,"FRONT-LEFT",,,,,,,,,,,,,,,,,,,,,,,,,,,,,,,,,
"1258691","2b6a3e5b1966dea44baac62478e30bedcd2a82ed5a18ef042f16dad95df8692af8af89fe2279c952ffaf7106fa5edcd6a469109f8b1d09df58c8cdbaf2997c9e","JF105366","2021-12-30T20:35:00.000","1","DRIVER",,"1194783",,"UNKNOWN","OTHER (EXPLAIN IN NARRATIVE)",,,"UNKNOWN","UNKNOWN/NA","UNKNOWN/NA","N","UNKNOWN/NA",,,"1",,,,,,,,,,,,,,,,,"Y","UNKNOWN",,,,,,,,,,,,,,,,,,,,,,,,,,,,,,,,,
"1258692","2b6a3e5b1966dea44baac62478e30bedcd2a82ed5a18ef042f16dad95df8692af8af89fe2279c952ffaf7106fa5edcd6a469109f8b1d09df58c8cdbaf2997c9e","JF105366","2021-12-30T20:35:00.000","2","DRIVER","1","1194790",,"TOYOTA","RAV4","IL","2014","NONE","PASSENGER","PERSONAL","N","STRAIGHT AHEAD","Y",,"2",,"private",,,,,,,,,,,,"Y","Y","Y",,"TOTAL (ALL AREAS)",,,,,,,,,,,,,,,,,,,,,,,,,,,,,,,,,
"1258709","2b6a3e5b1966dea44baac62478e30bedcd2a82ed5a18ef042f16dad95df8692af8af89fe2279c952ffaf7106fa5edcd6a469109f8b1d09df58c8cdbaf2997c9e","JF105366","2021-12-30T20:35:00.000","3","DRIVER",,"1194798",,"JEEP","CHEROKEE","IL","2019","NONE","PASSENGER","PERSONAL","N","STRAIGHT AHEAD",,,"1",,,,,"Y","Y",,,,,,,,,,,,"FRONT",,,,,,,,,,,,,,,,,,,,,,,,,,,,,,,,,
"1257162","18242fd4aafa414575e9de0e89861bfef057675375cc040859c8aa745912527966e58ac90c87190fe5e851e7b23eed60575ea4614ec2c1a54ea6a676532ed923","JF102553","2021-12-30T20:30:00.000","1","DRIVER",,"1193350",,"UNKNOWN","OTHER (EXPLAIN IN NARRATIVE)","IL",,"OTHER","UNKNOWN/NA","UNKNOWN/NA","UNKNOWN","UNKNOWN/NA",,,"1",,,,,,,,,,,,,,,,,,"UNKNOWN",,,,,,,,,,,,,,,,,,,,,,,,,,,,,,,,,
"1257163","18242fd4aafa414575e9de0e89861bfef057675375cc040859c8aa745912527966e58ac90c87190fe5e851e7b23eed60575ea4614ec2c1a54ea6a676532ed923","JF102553","2021-12-30T20:30:00.000","2","DRIVERLESS",,"1193315",,"SAAB","9-4X","WI","2011","UNKNOWN","TRUCK - SINGLE UNIT","NOT IN USE","S","PARKED",,,"0",,,,,,,,,,,,,,,,"Y",,"OTHER",,,,,,,,,,,,,,,,,,,,,,,,,,,,,,,,,
"1255087","42158557d83d10ecca2b65fd062778ab6e75e5dd78138cb0b5e15beb57fc8a826f40ef166817ed83fca097db64666333d83e1a94b74cd78ae5637855bd5a722e","JE493427","2021-12-30T20:15:00.000","1","DRIVER",,"1191360",,"CHEVROLET","OTHER (EXPLAIN IN NARRATIVE)",,"2003","UNKNOWN","PASSENGER","PERSONAL","NE","STRAIGHT AHEAD",,,"1",,,,,"Y",,,,,,,,,,"Y","Y",,"OTHER",,,,,,,,,,,,,,,,,,,,,,,,,,,,,,,,,
"1255058","e98dff0540c74045656c8a0451628b2de8b36dc6ca80c04eabb31c9739dbe940d1fa9ff8b17c8bad2f4527633a5911c4a23c015e0eff3a39a2f65e9aab7980a4","JE493370","2021-12-30T20:14:00.000","1","DRIVER",,"1191336",,"DODGE","CHALLENGER","IL","2018","UNKNOWN","PASSENGER","UNKNOWN/NA","E","BACKING",,,"1",,,,,"N","N",,,"Y","Y","Y",,,,,"N",,"REAR-LEFT",,,,,,,,,,,,,,,,,,,,,,,,,,,,,,,,,
"1255059","e98dff0540c74045656c8a0451628b2de8b36dc6ca80c04eabb31c9739dbe940d1fa9ff8b17c8bad2f4527633a5911c4a23c015e0eff3a39a2f65e9aab7980a4","JE493370","2021-12-30T20:14:00.000","2","DRIVER",,"1191340",,"ACURA","TLX","IL","2000","NONE","PASSENGER","PERSONAL","W","STRAIGHT AHEAD",,,"1",,,,,"Y","Y",,,,,,,,,,,,"FRONT",,,,,,,,,,,,,,,,,,,,,,,,,,,,,,,,,
"1255060","660f3dad33b0b4089cea11061bc25edb3220d0a587502eb20ef9182f1f03738f2bf0576b77f1df9f18310bc4fca7426c8106e217c1123bd1ce9cf94e62cc401e","JE493345","2021-12-30T20:07:00.000","1","DRIVER",,"1191333",,"UNKNOWN","ENGINE",,,"UNKNOWN","VAN/MINI-VAN","UNKNOWN/NA","S","STRAIGHT AHEAD",,,"1",,,,,,,,,,,"Y","Y","Y","Y","Y",,,"ROOF",,,,,,,,,,,,,,,,,,,,,,,,,,,,,,,,,
"1255061","660f3dad33b0b4089cea11061bc25edb3220d0a587502eb20ef9182f1f03738f2bf0576b77f1df9f18310bc4fca7426c8106e217c1123bd1ce9cf94e62cc401e","JE493345","2021-12-30T20:07:00.000","2","DRIVER",,"1191338",,"NISSAN","SENTRA","IL","2008","NONE","PASSENGER","PERSONAL","S","STRAIGHT AHEAD",,,"1",,,,,,,"Y",,,,,,,,,,,"SIDE-RIGHT",,,,,,,,,,,,,,,,,,,,,,,,,,,,,,,,,
"1255092","5e99f23fc26e43bc60a7c874d07ee27d4d905db0e92bc329e5c117a3d9eec3f4883bb1d44d563541c9ce86ce58ea1256c60a31dcd1d91b923949aae484b4d9c3","JE493362","2021-12-30T20:06:00.000","1","DRIVER","2","1191367",,"FORD","ESCAPE","IL","2010","NONE","PASSENGER","PERSONAL","S","STRAIGHT AHEAD","Y",,"3",,"STREETS AND SANS","POUND 2",,"Y",,,,,,,,,"Y","Y","Y",,"TOTAL (ALL AREAS)",,,,,,,,,,,,,,,,,,,,,,,,,,,,,,,,,
"1255093","5e99f23fc26e43bc60a7c874d07ee27d4d905db0e92bc329e5c117a3d9eec3f4883bb1d44d563541c9ce86ce58ea1256c60a31dcd1d91b923949aae484b4d9c3","JE493362","2021-12-30T20:06:00.000","2","DRIVER",,"1191372",,"KIA","SORENTO","IL","2020","NONE","PASSENGER","PERSONAL","NW","TURNING LEFT","Y",,"1",,"STREETS AND SANS","POUND 2",,"Y",,,,,,,,,,"Y","Y",,"OTHER",,,,,,,,,,,,,,,,,,,,,,,,,,,,,,,,,
"1255094","5e99f23fc26e43bc60a7c874d07ee27d4d905db0e92bc329e5c117a3d9eec3f4883bb1d44d563541c9ce86ce58ea1256c60a31dcd1d91b923949aae484b4d9c3","JE493362","2021-12-30T20:06:00.000","3","DRIVER",,"1191374",,"CHEVROLET","MALIBU","IL","2008","NONE","PASSENGER","PERSONAL","N","STRAIGHT AHEAD","N",,"1",,,,,,,,,,,,,,"Y","Y","Y",,"TOTAL (ALL AREAS)",,,,,,,,,,,,,,,,,,,,,,,,,,,,,,,,,
"1255071","3ccf751b152316b0099b918ea704de78110dc9dcf00b81f5d9f9999f04c16aaaec4f5577b4338ccd9418c3412ce97904b9bff18ecf07aa9523121a2a53fa1be4","JE493337","2021-12-30T19:50:00.000","1","DRIVER",,"1191344",,"CHEVROLET","OTHER (EXPLAIN IN NARRATIVE)","IL","2012","UNKNOWN","SPORT UTILITY VEHICLE (SUV)","PERSONAL","E","STRAIGHT AHEAD","Y",,"1",,,"doty road",,"Y",,,,,,,,,,"Y","Y",,"OTHER",,,,,,,,,,,,,,,,,,,,,,,,,,,,,,,,,
"1255072","3ccf751b152316b0099b918ea704de78110dc9dcf00b81f5d9f9999f04c16aaaec4f5577b4338ccd9418c3412ce97904b9bff18ecf07aa9523121a2a53fa1be4","JE493337","2021-12-30T19:50:00.000","2","DRIVER","1","1191345",,"JEEP","RENEGADE","IL","2015","UNKNOWN","SPORT UTILITY VEHICLE (SUV)","PERSONAL","E","STRAIGHT AHEAD","N",,"2",,,,,,,,,"Y","Y","Y",,,,,,,"REAR-LEFT",,,,,,,,,,,,,,,,,,,,,,,,,,,,,,,,,
"1255080","b2d6acc029aa167909b8d10b840b3e3a90348def671b912c641811bd09ceaa3bd760b924a6a45b40a7ed49f3865c367d0d83419ea03a038bb235db13b2c35526","JE493407","2021-12-30T19:50:00.000","1","DRIVER",,"1191353",,"GENERAL MOTORS CORPORATION (GMC)","SIERRA","IN","2020","UNKNOWN","UNKNOWN/NA","UNKNOWN/NA","UNKNOWN","SLOW/STOP IN TRAFFIC",,,"1",,,,,,,,,,,,,,,,"Y",,"OTHER",,,,,,,,,,,,,,,,,,,,,,,,,,,,,,,,,
"1255081","b2d6acc029aa167909b8d10b840b3e3a90348def671b912c641811bd09ceaa3bd760b924a6a45b40a7ed49f3865c367d0d83419ea03a038bb235db13b2c35526","JE493407","2021-12-30T19:50:00.000","2","DRIVER",,"1191357",,"TOYOTA","PRIUS","IL","2010","NONE","PASSENGER","PERSONAL","N","TURNING LEFT",,,"1",,,,,,,,,"Y","Y",,,,,,,,"REAR-LEFT",,,,,,,,,,,,,,,,,,,,,,,,,,,,,,,,,
"1255050","a602b07157b0024dedc0d584b8a182220122f0d3ab686cfcbb7d792adad3d11d0e4eaf57f479d64dfc085c2f591c8d3d0fadcdc4ab81d99e2b79652f0a3f243c","JE493344","2021-12-30T19:45:00.000","1","DRIVER",,"1191322",,"CHEVROLET","VENTURE","IL","2003","UNKNOWN","PASSENGER","PERSONAL","W","STRAIGHT AHEAD",,,"1",,,,,"Y",,,,,,,,,,,,,"FRONT",,,,,,,,,,,,,,,,,,,,,,,,,,,,,,,,,
"1255051","a602b07157b0024dedc0d584b8a182220122f0d3ab686cfcbb7d792adad3d11d0e4eaf57f479d64dfc085c2f591c8d3d0fadcdc4ab81d99e2b79652f0a3f243c","JE493344","2021-12-30T19:45:00.000","2","DRIVER","1","1191325",,"CHEVROLET","EQUINOX","IL","2008","UNKNOWN","PASSENGER","PERSONAL","W","STRAIGHT AHEAD",,,"2",,,,,,,,,,,"Y",,,,,,,"SIDE-LEFT",,,,,,,,,,,,,,,,,,,,,,,,,,,,,,,,,
"1255099","f1e08f7e5f5813c9fc51037bc1a3fe56981d53a5e540139cc4861bb6a5644b4c05ea219d603a80bc0213a3f2a6b98c1f9627e10628b3e048511172563704b91a","JE493361","2021-12-30T19:45:00.000","1","DRIVER","1","1191378",,"CHEVROLET","OTHER (EXPLAIN IN NARRATIVE)","TX","2017","UNKNOWN","PASSENGER","PERSONAL","W","PASSING/OVERTAKING",,,"2",,,,,,,,,,,,,"Y","Y","Y",,,"UNDER CARRIAGE",,,,,,,,,,,,,,,,,,,,,,,,,,,,,,,,,
"1255100","f1e08f7e5f5813c9fc51037bc1a3fe56981d53a5e540139cc4861bb6a5644b4c05ea219d603a80bc0213a3f2a6b98c1f9627e10628b3e048511172563704b91a","JE493361","2021-12-30T19:45:00.000","2","DRIVER",,"1191386",,"DODGE","OTHER (EXPLAIN IN NARRATIVE)","IL","2014","UNKNOWN","PASSENGER","PERSONAL","W","STRAIGHT AHEAD",,,"1",,,,,"Y","Y","Y","Y","Y",,,,,,,,,"SIDE-RIGHT",,,,,,,,,,,,,,,,,,,,,,,,,,,,,,,,,
"1256282","ca2107567bf31d485313b836e6bc56ed19b72aa85745846a70346fb75994db71d7fbe159120822378f7ff1a9d4b25dfe01a1b77d60c3fe82115c3c503d614fdb","JF101196","2021-12-30T19:30:00.000","1","DRIVER",,"1192465",,"UNKNOWN","OTHER (EXPLAIN IN NARRATIVE)","IL",,"UNKNOWN","UNKNOWN/NA","UNKNOWN/NA","UNKNOWN","UNKNOWN/NA",,,"1",,,,,,,,,,,,,,,,,,"UNKNOWN",,,,,,,,,,,,,,,,,,,,,,,,,,,,,,,,,
"1256283","ca2107567bf31d485313b836e6bc56ed19b72aa85745846a70346fb75994db71d7fbe159120822378f7ff1a9d4b25dfe01a1b77d60c3fe82115c3c503d614fdb","JF101196","2021-12-30T19:30:00.000","2","PARKED",,"1192468",,"NISSAN","OTHER (EXPLAIN IN NARRATIVE)","IL","2008","UNKNOWN","PASSENGER","PERSONAL","UNKNOWN","PARKED",,,"0",,,,,,,,,,"Y","Y","Y",,,,,,,,,,,,,,,,,,,,,,,,,,,,,,,,,,,,,,,
"1255046","e6cb76b7335fe82e9ea0761778412e476610b730f476081cbeba4c9f1245def1a0dd21a72764af806caf8a8d295c7e8a7cc91f04b29352a2be2687ddd2b22a60","JE493354","2021-12-30T19:30:00.000","1","DRIVER",,"1191319",,"DODGE","CHARGER","IL","2012","NONE","PASSENGER","PERSONAL","NW","TURNING RIGHT",,,"1",,,,,,"Y","Y",,,,,,,,,,,"SIDE-RIGHT",,,,,,,,,,,,,,,,,,,,,,,,,,,,,,,,,
"1255047","e6cb76b7335fe82e9ea0761778412e476610b730f476081cbeba4c9f1245def1a0dd21a72764af806caf8a8d295c7e8a7cc91f04b29352a2be2687ddd2b22a60","JE493354","2021-12-30T19:30:00.000","2","DRIVER",,"1191323",,"VOLKSWAGEN","CC","IL","2012","NONE","PASSENGER","PERSONAL","W","STRAIGHT AHEAD",,,"1",,,,,,,,,,,,,,"Y","Y",,,"UNDER CARRIAGE",,,,,,,,,,,,,,,,,,,,,,,,,,,,,,,,,
"1255031","115349f24b3342680e086bf68e0b8bfde3379c5645d1f1695455686f0f5708a7005a49e22311f1dfcccfb078f3796a4c5cf45c8359bf1f58dfd060189b705568","JE493318","2021-12-30T19:20:00.000","1","DRIVER",,"1191306",,"UNKNOWN","OTHER (EXPLAIN IN NARRATIVE)",,,"UNKNOWN","PASSENGER","UNKNOWN/NA","SW","TURNING LEFT",,,"1",,,,,,,,,,,,,,,,"Y",,"OTHER",,,,,,,,,,,,,,,,,,,,,,,,,,,,,,,,,
"1255041","115349f24b3342680e086bf68e0b8bfde3379c5645d1f1695455686f0f5708a7005a49e22311f1dfcccfb078f3796a4c5cf45c8359bf1f58dfd060189b705568","JE493318","2021-12-30T19:20:00.000","2","PEDESTRIAN",,,,,,,,,,,,,,,,,,,,,,,,,,,,,,,,,,,,,,,,,,,,,,,,,,,,,,,,,,,,,,,,,,
"1255021","33d2bb1538f5ea59f28e14f3e76b4c758124993598e8139ee8ef6ef90b199755fe3946651989c72e3cef489569ebf1e7b9f3f9e004831e4408e44fdf1d9734cf","JE493320","2021-12-30T19:20:00.000","1","DRIVER","1","1191308",,"CHEVROLET","MALIBU","IL","2014","UNKNOWN","UNKNOWN/NA","UNKNOWN/NA","S","MERGING",,,"2",,,,,"Y",,,,,,,,,,,,,"FRONT",,,,,,,,,,,,,,,,,,,,,,,,,,,,,,,,,
"1255022","33d2bb1538f5ea59f28e14f3e76b4c758124993598e8139ee8ef6ef90b199755fe3946651989c72e3cef489569ebf1e7b9f3f9e004831e4408e44fdf1d9734cf","JE493320","2021-12-30T19:20:00.000","2","DRIVER","4","1191299",,"TOYOTA","VENZA","IL","2021","NONE","PASSENGER","PERSONAL","S","STRAIGHT AHEAD",,,"5",,,,,,,,,"N","N","Y","Y","Y",,,,,"ROOF",,,,,,,,,,,,,,,,,,,,,,,,,,,,,,,,,
"1256493","884a7f6b9de190109c1034ece200c8d595a6392fa0216474b7d40f67ef94de1abc98a31075a46730e2ea573a9b6c4e854b2b528d7dc7ba0c67a733cc5c948f7b","JF101533","2021-12-30T19:20:00.000","1","DRIVER",,"1192674",,"UNKNOWN","OTHER (EXPLAIN IN NARRATIVE)",,,"UNKNOWN","UNKNOWN/NA","UNKNOWN/NA","UNKNOWN","UNKNOWN/NA",,,"1",,,,,,,,,,,,,,,,,"Y","UNKNOWN",,,,,,,,,,,,,,,,,,,,,,,,,,,,,,,,,
"1256494","884a7f6b9de190109c1034ece200c8d595a6392fa0216474b7d40f67ef94de1abc98a31075a46730e2ea573a9b6c4e854b2b528d7dc7ba0c67a733cc5c948f7b","JF101533","2021-12-30T19:20:00.000","2","PARKED",,"1192676",,"KIA","OPTIMA / K5","IL","2021","UNKNOWN","PASSENGER","PERSONAL","S","PARKED",,,"0",,,,,,,"Y","Y","Y",,,,,,,,,"UNKNOWN",,,,,,,,,,,,,,,,,,,,,,,,,,,,,,,,,
"1255056","6f0bfd99cb1698e068395d05b4983c5ee8e85ad52fed694da087d0fe5bcd0a70c90c3076a4e8122bbc6b5ca0454a979345c2d6be1fe78ff4da3d679a40e74e95","JE493355","2021-12-30T19:18:00.000","1","DRIVER",,"1191327",,"NISSAN","ROGUE","IL","2021","NONE","SPORT UTILITY VEHICLE (SUV)","PERSONAL","E","STRAIGHT AHEAD",,,"1",,,,,,,,,,,,,,,,,"Y","OTHER",,,,,,,,,,,,,,,,,,,,,,,,,,,,,,,,,
"1255057","6f0bfd99cb1698e068395d05b4983c5ee8e85ad52fed694da087d0fe5bcd0a70c90c3076a4e8122bbc6b5ca0454a979345c2d6be1fe78ff4da3d679a40e74e95","JE493355","2021-12-30T19:18:00.000","2","DRIVER",,"1191331",,"FORD","EDGE","IL","2011","NONE","SPORT UTILITY VEHICLE (SUV)","PERSONAL","E","SLOW/STOP IN TRAFFIC",,,"1",,,,,,,,,"Y","Y","Y",,,,,,,"REAR-LEFT",,,,,,,,,,,,,,,,,,,,,,,,,,,,,,,,,
"1255048","a87514d14ed57a61b3eb899382f25d3877d1df4a799c186e73305b2a527a05eb7dcb863f3a218e983edfe74ed3ee4d382002e63345e44cda3d253e4fe0988173","JE493327","2021-12-30T19:13:00.000","1","DRIVER",,"1191332",,"DODGE","RAM 1500 PU","IL","2014","UNKNOWN","PICKUP","UNKNOWN/NA","E","AVOIDING VEHICLES/OBJECTS","Y",,"1",,,,,"Y",,,,,,,,,,"Y","Y",,"OTHER",,,,,,,,,,,,,,,,,,,,,,,,,,,,,,,,,
"1255049","a87514d14ed57a61b3eb899382f25d3877d1df4a799c186e73305b2a527a05eb7dcb863f3a218e983edfe74ed3ee4d382002e63345e44cda3d253e4fe0988173","JE493327","2021-12-30T19:13:00.000","2","PARKED",,"1191321",,"DODGE","DURANGO","IL","2004","UNKNOWN","PASSENGER","UNKNOWN/NA","E","PARKED",,,"0",,,,,,,,,"Y","Y","Y",,,,,,,"REAR-LEFT",,,,,,,,,,,,,,,,,,,,,,,,,,,,,,,,,
"1255063","57198cc44fb0ffed99e98720dbdb3bdbb9187e1a56c9dfeb80abd160046bababf64e8601f6b0b7d5217b588246a244a42998f0c93124b3091057a1c081f0045e","JE493377","2021-12-30T19:05:00.000","1","DRIVER",,"1191337",,"BUICK","VERANO","IL","2013","UNKNOWN","PASSENGER","PERSONAL","S","UNKNOWN/NA",,,"1",,,,,,,,,,,,,,,"Y",,,"TOTAL (ALL AREAS)",,,,,,,,,,,,,,,,,,,,,,,,,,,,,,,,,
"1255064","57198cc44fb0ffed99e98720dbdb3bdbb9187e1a56c9dfeb80abd160046bababf64e8601f6b0b7d5217b588246a244a42998f0c93124b3091057a1c081f0045e","JE493377","2021-12-30T19:05:00.000","2","DRIVER",,"1191342",,"CHEVROLET","TRAIL BLAZER","IL","2002","UNKNOWN","PASSENGER","PERSONAL","S","STRAIGHT AHEAD",,,"1",,,,,,,,,"Y",,,,,,,,,"REAR",,,,,,,,,,,,,,,,,,,,,,,,,,,,,,,,,
"1255054","153414c0819a03df994b35d0bb367603fe1071bce640769858896ae09aa1a8885ccf32ca35e49955156886ebc857d447dae52c65218e8ae6fbb24bcd7bae9ca6","JE493311","2021-12-30T19:03:00.000","1","DRIVER",,"1191329",,"HONDA","CIVIC","IL","2007","NONE","PASSENGER","PERSONAL","S","TURNING LEFT",,,"1",,,,,"Y","Y",,,,,,,,"Y","Y","Y",,"OTHER",,,,,,,,,,,,,,,,,,,,,,,,,,,,,,,,,
"1255055","153414c0819a03df994b35d0bb367603fe1071bce640769858896ae09aa1a8885ccf32ca35e49955156886ebc857d447dae52c65218e8ae6fbb24bcd7bae9ca6","JE493311","2021-12-30T19:03:00.000","2","DRIVER",,"1191335",,"DODGE","JOURNEY","IN","2017","NONE","PASSENGER","PERSONAL","E","TURNING RIGHT",,,"1",,,,,,,,,,,"Y","Y","Y","Y","Y",,,"ROOF",,,,,,,,,,,,,,,,,,,,,,,,,,,,,,,,,
"1255019","11c406e82adb31e20a7c469e8079f30511af925ca9a9030d3a6c4e171af06901a125bb9e3eaa483e45dbdf01bbcf0b045dacc68891d8b335561bbcda15bf49fd","JE493323","2021-12-30T19:00:00.000","1","DRIVER",,"1191298",,"FORD","ECONOLINE E250","IL","2009","UNKNOWN","VAN/MINI-VAN","UNKNOWN/NA","W","STRAIGHT AHEAD",,,"1",,,,,,,,,,,,,,,,"Y",,"OTHER",,,,,,,,,,,,,,,,,,,,,,,,,,,,,,,,,
"1255020","11c406e82adb31e20a7c469e8079f30511af925ca9a9030d3a6c4e171af06901a125bb9e3eaa483e45dbdf01bbcf0b045dacc68891d8b335561bbcda15bf49fd","JE493323","2021-12-30T19:00:00.000","2","DRIVER","1","1191304",,"CHEVROLET","MALIBU","IL","2012","UNKNOWN","PASSENGER","PERSONAL","W","STRAIGHT AHEAD",,,"2",,,,,,,,,"Y",,,,,,,,,"REAR",,,,,,,,,,,,,,,,,,,,,,,,,,,,,,,,,
"1255216","2e7a870526ec44e5b3f7d77b4b74cae24659ddc0d86c76f3ea9bc3adc009089ee8b7e4b9ecec3466c79d2f6f2860e8f997f99e41290e122379010d36fc1fd8c4","JE493791","2021-12-30T19:00:00.000","1","DRIVER",,"1191488",,"UNKNOWN","OTHER (EXPLAIN IN NARRATIVE)",,,"UNKNOWN","UNKNOWN/NA","UNKNOWN/NA","UNKNOWN","UNKNOWN/NA",,,"1",,,,,,,,,,,,,,,,,"Y","UNKNOWN",,,,,,,,,,,,,,,,,,,,,,,,,,,,,,,,,
"1255217","2e7a870526ec44e5b3f7d77b4b74cae24659ddc0d86c76f3ea9bc3adc009089ee8b7e4b9ecec3466c79d2f6f2860e8f997f99e41290e122379010d36fc1fd8c4","JE493791","2021-12-30T19:00:00.000","2","PARKED",,"1191487",,"AUDI","OTHER (EXPLAIN IN NARRATIVE)","IL","2009","UNKNOWN","PASSENGER","PERSONAL","W","PARKED",,,"0",,,,,"Y",,,,"Y","Y",,,,,,,,"REAR-LEFT",,,,,,,,,,,,,,,,,,,,,,,,,,,,,,,,,
"1255232","40b0179c267591ef4c32ca26b2fdfa0f77dbca31178dfceb4304c36367c34fe863bf65e0b3ae14ab723b928e3e5a86a04c14b177134d463757bf3274b79eddb9","JE493834","2021-12-30T19:00:00.000","1","DRIVER",,"1191499",,"NISSAN","ALTIMA","IL",,"UNKNOWN","PASSENGER","UNKNOWN/NA","NE","U-TURN",,,"1",,,,,,,,,,,"Y",,,,,,,"SIDE-LEFT",,,,,,,,,,,,,,,,,,,,,,,,,,,,,,,,,
"1255233","40b0179c267591ef4c32ca26b2fdfa0f77dbca31178dfceb4304c36367c34fe863bf65e0b3ae14ab723b928e3e5a86a04c14b177134d463757bf3274b79eddb9","JE493834","2021-12-30T19:00:00.000","2","DRIVER","1","1191501",,"FORD","MUSTANG","TX","2014","NONE","PASSENGER","PERSONAL","W","STRAIGHT AHEAD",,,"2",,,,,"Y",,,,,,,,,,"Y","Y",,"OTHER",,,,,,,,,,,,,,,,,,,,,,,,,,,,,,,,,
"1255052","2cdf385b8245843ff3f4ba08069fddc15cced225456c91f922bd03ce30284d83619d59a5e7261650c5b60991386e93f98ca6ec67879c0a9a3ec151a27edaab66","JE493340","2021-12-30T18:30:00.000","1","DRIVER","1","1191324",,"BMW","X3","IL","2014","UNKNOWN","PASSENGER","PERSONAL","E","STRAIGHT AHEAD",,,"2",,,,,,,,,,,,,,,"Y",,,"TOTAL (ALL AREAS)",,,,,,,,,,,,,,,,,,,,,,,,,,,,,,,,,
"1255053","2cdf385b8245843ff3f4ba08069fddc15cced225456c91f922bd03ce30284d83619d59a5e7261650c5b60991386e93f98ca6ec67879c0a9a3ec151a27edaab66","JE493340","2021-12-30T18:30:00.000","2","DRIVER",,"1191334","Y","FREIGHTLINER CORPORATION","FREIGHTLINER CORP.","IL","2007","UNKNOWN","TRACTOR W/O SEMI-TRAILER","COMMERCIAL - SINGLE UNIT","E","STRAIGHT AHEAD",,,"1",,,,,,,,,"Y",,,,,,,,,"REAR","13733","3099190","076488","609612","DRIVER",,"US MAX LOGISTICS INC","IL","CHICAGO","N",,,"N","N",,"U",,"N","U",,,,,,,,,"TRUCK/TRACTOR",,,"N","N",