"crash_unit_id","crash_record_id","rd_no","crash_date","unit_no","unit_type","num_passengers","vehicle_id","cmrc_veh_i","make","model","lic_plate_state","vehicle_year","vehicle_defect","vehicle_type","vehicle_use","travel_direction","maneuver","towed_i","fire_i","occupant_cnt","exceed_speed_limit_i","towed_by","towed_to","area_00_i","area_01_i","area_02_i","area_03_i","area_04_i","area_05_i","area_06_i","area_07_i","area_08_i","area_09_i","area_10_i","area_11_i","area_12_i","area_99_i","first_contact_point","cmv_id","usdot_no","ccmc_no","ilcc_no","commercial_src","gvwr","carrier_name","carrier_state","carrier_city","hazmat_placards_i","hazmat_name","un_no","hazmat_present_i","hazmat_report_i","hazmat_report_no","mcs_report_i","mcs_report_no","hazmat_vio_cause_crash_i","mcs_vio_cause_crash_i","idot_permit_no","wide_load_i","trailer1_width","trailer2_width","trailer1_length","trailer2_length","total_vehicle_length","axle_cnt","vehicle_config","cargo_body_type","load_type","hazmat_out_of_service_i","mcs_out_of_service_i","hazmat_class"
"1255032","6e92e729d81e397336dfcfc0aa1365e10c60b341b631d2c40227ff835486b385027fcaf152061d2474a48384376494066ea84649a3f9d1d9d54d5f36fa00e0fd","JE493339","2021-12-30T18:30:00.000","1","DRIVER",,"1191307",,"TOYOTA","CAMRY","IL",,"UNKNOWN","PASSENGER","UNKNOWN/NA","S","STRAIGHT AHEAD",,,"1",,,,,,,,,,,,,,,,"Y",,"OTHER",,,,,,,,,,,,,,,,,,,,,,,,,,,,,,,,,
"1255033","6e92e729d81e397336dfcfc0aa1365e10c60b341b631d2c40227ff835486b385027fcaf152061d2474a48384376494066ea84649a3f9d1d9d54d5f36fa00e0fd","JE493339","2021-12-30T18:30:00.000","2","DRIVER",,"1191310",,"FORD","TRANSIT","IL",,"NONE","TRUCK - SINGLE UNIT","OTHER","S","SLOW/STOP IN TRAFFIC",,,"1",,,,,,,,,,"Y",,,,,,,,"REAR-LEFT",,,,,,,,,,,,,,,,,,,,,,,,,,,,,,,,,
"1255270","915b7bed9ddf3ea121ef6a6c343fdb4ace6c7f1c3b5eb25d6c6c127eabba1911208e50d5a2decb4cf00106ef3315f01e976c6779ad823a2353680ecacca35ace","JE493918","2021-12-30T18:30:00.000","1","DRIVER",,"1191539",,"CHEVROLET","TRAIL BLAZER","IL","2002","NONE","PASSENGER","PERSONAL","S","STRAIGHT AHEAD",,,"1",,,,,"Y",,,,,,,,,,"Y","Y",,"OTHER",,,,,,,,,,,,,,,,,,,,,,,,,,,,,,,,,
"1255271","915b7bed9ddf3ea121ef6a6c343fdb4ace6c7f1c3b5eb25d6c6c127eabba1911208e50d5a2decb4cf00106ef3315f01e976c6779ad823a2353680ecacca35ace","JE493918","2021-12-30T18:30:00.000","2","DRIVER",,"1191543",,"JEEP","GRAND CHEROKEE","IL","2008","NONE","PASSENGER","PERSONAL","S","SLOW/STOP IN TRAFFIC",,,"1",,,,,,,,,"Y","Y","Y",,,,,,,"REAR-LEFT",,,,,,,,,,,,,,,,,,,,,,,,,,,,,,,,,
"1255023","4ded115d8e5400487a4ec6cb282026b51abf4a0e56c4c52cf53652726b6e2b103332e80517d26ae795bb9893edcef9eeeb68aa80f2f1393e6a63ecb2a3a3b552","JE493326","2021-12-30T18:27:00.000","1","DRIVER",,"1191305",,"HONDA","OTHER (EXPLAIN IN NARRATIVE)","IL","2014","NONE","PASSENGER","PERSONAL","N","STRAIGHT AHEAD",,,"1",,,,,,,,,,,,,,,,"Y",,"OTHER",,,,,,,,,,,,,,,,,,,,,,,,,,,,,,,,,
"1255024","4ded115d8e5400487a4ec6cb282026b51abf4a0e56c4c52cf53652726b6e2b103332e80517d26ae795bb9893edcef9eeeb68aa80f2f1393e6a63ecb2a3a3b552","JE493326","2021-12-30T18:27:00.000","2","DRIVER",,"1191311",,"JEEP","GRAND CHEROKEE","IL","2008","NONE","SPORT UTILITY VEHICLE (SUV)","PERSONAL","N","SLOW/STOP IN TRAFFIC",,,"1",,,,,,,,,,"Y",,,,,,,,"REAR-LEFT",,,,,,,,,,,,,,,,,,,,,,,,,,,,,,,,,
"1255073","28391729d712815d0f82577d23023f2f14776205d72c13871a6998b72e679e2c1942a06a04033bfcc9c68fab66a6cf357c87c4cf39fcf18c6e8f22f724bd56da","JE493272","2021-12-30T18:26:00.000","1","DRIVER",,"1191348",,"FORD","ESCAPE","IL","2009","UNKNOWN","PASSENGER","PERSONAL","N","STRAIGHT AHEAD","Y",,"1",,"enr","104 doty",,"Y","Y","Y","Y","Y","Y","Y","Y","Y","Y","Y","Y",,"FRONT",,,,,,,,,,,,,,,,,,,,,,,,,,,,,,,,,
"1255010","3ec574a697d4e602a47997d295596f0f30c8712d0d0ec0910cc6a66250749cd9821c5a2fa4e813bf552a939ef2bcae6e28e5150d7205972dc4b2e4e6f0406e41","JE493277","2021-12-30T18:25:00.000","1","DRIVER","1","1191302",,"HONDA","CIVIC","IL","2005","NONE","PASSENGER","PERSONAL","W","TURNING LEFT",,,"2",,,,,"Y",,,,,,,,,,"Y","Y",,"OTHER",,,,,,,,,,,,,,,,,,,,,,,,,,,,,,,,,
"1255011","3ec574a697d4e602a47997d295596f0f30c8712d0d0ec0910cc6a66250749cd9821c5a2fa4e813bf552a939ef2bcae6e28e5150d7205972dc4b2e4e6f0406e41","JE493277","2021-12-30T18:25:00.000","2","DRIVER",,"1191339",,"FORD","FOCUS","IL","2013","NONE","PASSENGER","PERSONAL","E","STRAIGHT AHEAD","Y",,"1",,,,,,,,,,,,,,,,,,"OTHER",,,,,,,,,,,,,,,,,,,,,,,,,,,,,,,,,
"1254999","8684d2efb1954576cb30640b5323576cda81efb3e11d1c510716fdc37eb702291326f3de6c0acb1edc8d407d43ecdaf897fe5316891ad9bbf6677d6723e2f0f2","JE493274","2021-12-30T18:25:00.000","1","DRIVER",,"1191276",,"HONDA","CIVIC","IL","2004","NONE","PASSENGER","PERSONAL","W","STRAIGHT AHEAD",,,"1",,,,,,,,,,,,,,,,"Y",,"OTHER",,,,,,,,,,,,,,,,,,,,,,,,,,,,,,,,,
"1255000","8684d2efb1954576cb30640b5323576cda81efb3e11d1c510716fdc37eb702291326f3de6c0acb1edc8d407d43ecdaf897fe5316891ad9bbf6677d6723e2f0f2","JE493274","2021-12-30T18:25:00.000","2","DRIVER",,"1191280",,"VOLKSWAGEN","TIGUAN","IL","2010","NONE","SPORT UTILITY VEHICLE (SUV)","PERSONAL","W","SLOW/STOP IN TRAFFIC",,,"1",,,,,,,,,,"Y",,,,,,,,"REAR-LEFT",,,,,,,,,,,,,,,,,,,,,,,,,,,,,,,,,
"1254989","c17e9ebe20be1a2e68babdabc900b7b750863a36c71d5a4feaf1cc0744ef55fa04b084dd186b08f0a5f86001d46b759cb715f7b6ebaaf40df02cce014a3fabce","JE493266","2021-12-30T18:20:00.000","1","DRIVER",,"1191271",,"CHEVROLET","OTHER (EXPLAIN IN NARRATIVE)","IL","2021","UNKNOWN","PASSENGER","UNKNOWN/NA","W","STRAIGHT AHEAD",,,"1",,,,,,"Y","Y","Y",,,,,,,,,,"SIDE-RIGHT",,,,,,,,,,,,,,,,,,,,,,,,,,,,,,,,,
"1254990","c17e9ebe20be1a2e68babdabc900b7b750863a36c71d5a4feaf1cc0744ef55fa04b084dd186b08f0a5f86001d46b759cb715f7b6ebaaf40df02cce014a3fabce","JE493266","2021-12-30T18:20:00.000","2","DRIVER",,"1191287",,"HONDA","OTHER (EXPLAIN IN NARRATIVE)","IL","2016","UNKNOWN","PASSENGER","UNKNOWN/NA","W","TURNING LEFT",,,"1",,,,,,,,,,,,,,"Y","Y","Y",,"TOTAL (ALL AREAS)",,,,,,,,,,,,,,,,,,,,,,,,,,,,,,,,,
"1255008","6f7f3c8aec99160cd503dc7e2db2f55d7ecb34fd8ea94b66cbf2d81d7a74a49b41fbf7c4b4ac04dae3e2e266e5ba545cfe4d62d2e13c30b9b8fff188b6893700","JE493273","2021-12-30T18:13:00.000","1","DRIVER",,"1191291",,"JEEP","COMPASS","IN","2021","UNKNOWN","PASSENGER","PERSONAL","S","SLOW/STOP IN TRAFFIC",,,"1",,,,,,,,,"Y","Y","Y",,,,,,,"REAR-LEFT",,,,,,,,,,,,,,,,,,,,,,,,,,,,,,,,,
"1255009","6f7f3c8aec99160cd503dc7e2db2f55d7ecb34fd8ea94b66cbf2d81d7a74a49b41fbf7c4b4ac04dae3e2e266e5ba545cfe4d62d2e13c30b9b8fff188b6893700","JE493273","2021-12-30T18:13:00.000","2","DRIVER",,"1191294",,"HONDA","CIVIC","IL","2007","UNKNOWN","PASSENGER","PERSONAL","S","STRAIGHT AHEAD","Y",,"1",,,,,"Y",,,,,,,,,,"Y","Y",,"OTHER",,,,,,,,,,,,,,,,,,,,,,,,,,,,,,,,,
"1255101","a4ab86f88f61ac0f1d58e2f7ed730ec2c832a49c278aead2aa80877c14b8cb25ad6d70454d38cb4090750fa408118097d5ed5380ffdcb3590733aadcd9bbd44a","JE493455","2021-12-30T18:00:00.000","1","DRIVER",,"1191375",,"UNKNOWN","OTHER (EXPLAIN IN NARRATIVE)",,,"UNKNOWN","UNKNOWN/NA","UNKNOWN/NA","UNKNOWN","UNKNOWN/NA",,,"1",,,,,,,,,,,,,,,,,"Y","UNKNOWN",,,,,,,,,,,,,,,,,,,,,,,,,,,,,,,,,
"1255102","a4ab86f88f61ac0f1d58e2f7ed730ec2c832a49c278aead2aa80877c14b8cb25ad6d70454d38cb4090750fa408118097d5ed5380ffdcb3590733aadcd9bbd44a","JE493455","2021-12-30T18:00:00.000","2","PEDESTRIAN",,,,,,,,,,,,,,,,,,,,,,,,,,,,,,,,,,,,,,,,,,,,,,,,,,,,,,,,,,,,,,,,,,
"1254981","a7c9756ccdf773cece9f9b6a91aca7ce8629deb2fa85a9001ff3e58253d179dda78664133043892fc6acf42b2ecd2440d001e4a59c59ae57866ddc16c0c88357","JE493247","2021-12-30T17:55:00.000","1","DRIVER",,"1191256",,"CHEVROLET","OTHER (EXPLAIN IN NARRATIVE)",,,"UNKNOWN","UNKNOWN/NA","UNKNOWN/NA","E","STRAIGHT AHEAD",,,"1",,,,,,,,,,,,,,,,,"Y","OTHER",,,,,,,,,,,,,,,,,,,,,,,,,,,,,,,,,
"1254982","a7c9756ccdf773cece9f9b6a91aca7ce8629deb2fa85a9001ff3e58253d179dda78664133043892fc6acf42b2ecd2440d001e4a59c59ae57866ddc16c0c88357","JE493247","2021-12-30T17:55:00.000","2","DRIVER",,"1191264",,"CADILLAC","OTHER (EXPLAIN IN NARRATIVE)","IL","2022","NONE","PASSENGER","UNKNOWN/NA","E","STRAIGHT AHEAD",,,"1",,,,,,,,,,"Y","Y","Y",,,,,,"TOTAL (ALL AREAS)",,,,,,,,,,,,,,,,,,,,,,,,,,,,,,,,,
"1255029","2fa4a0b8f0e21d9cbcd22af6e4eb3b4402995f504e39ef5ebb9f9ea43b97de180052e8e05eb910358f5ab429d495b7afa9cb8181da3a852dedb07502351edd78","JE493254","2021-12-30T17:53:00.000","1","DRIVER",,"1191309",,"HONDA","CIVIC","IL","2002","UNKNOWN","PASSENGER","PERSONAL","W","STARTING IN TRAFFIC","Y",,"1",,,,,,,,,,,,,,,,"Y",,"OTHER",,,,,,,,,,,,,,,,,,,,,,,,,,,,,,,,,
"1255030","2fa4a0b8f0e21d9cbcd22af6e4eb3b4402995f504e39ef5ebb9f9ea43b97de180052e8e05eb910358f5ab429d495b7afa9cb8181da3a852dedb07502351edd78","JE493254","2021-12-30T17:53:00.000","2","DRIVER",,"1191315",,"TOYOTA","CAMRY","IL","2009","UNKNOWN","PASSENGER","PERSONAL","E","STRAIGHT AHEAD","Y",,"1",,"personal tow",,,"Y",,,,,,,,,,"Y","Y",,"OTHER",,,,,,,,,,,,,,,,,,,,,,,,,,,,,,,,,
"1255194","b24ec880c7903a8338c545b14755177fd804b195f714519b06c4beed83cec66a7ca959916c81d95c31b910c2075786b2322fe8ad522c11ed5a9ae1ede4343d54","JE493706","2021-12-30T17:38:00.000","1","DRIVER",,"1191467",,"DODGE","RAM 2500 PU","IL","2022","NONE","PICKUP","PERSONAL","N","BACKING",,,"1",,,,"Y",,,,,,,,,,,,,,"NONE",,,,,,,,,,,,,,,,,,,,,,,,,,,,,,,,,
"1255195","b24ec880c7903a8338c545b14755177fd804b195f714519b06c4beed83cec66a7ca959916c81d95c31b910c2075786b2322fe8ad522c11ed5a9ae1ede4343d54","JE493706","2021-12-30T17:38:00.000","2","PARKED",,"1191468",,"CHEVROLET","ASTRO","IL","1999","NONE","SPORT UTILITY VEHICLE (SUV)","PERSONAL","S","PARKED",,,"0",,,,,,"Y",,,,,,,,,,,,"FRONT-RIGHT",,,,,,,,,,,,,,,,,,,,,,,,,,,,,,,,,
"1255044","e325a3584145f2b533843ee1205252fb421ffd2d6ae4bc95f19d1dcb50057a05273620a8c832ac1eca8f9b233d1861942255837c97dcb259e023fb945d411ed8","JE493230","2021-12-30T17:35:00.000","1","DRIVER",,"1191318",,"FORD","F150","IL","2001","NONE","PICKUP","AMBULANCE","N","STRAIGHT AHEAD",,,"1",,,,,"Y",,,,,,,,,,"Y","Y",,"TOTAL (ALL AREAS)",,,,,,,,,,,,,,,,,,,,,,,,,,,,,,,,,
"1255045","e325a3584145f2b533843ee1205252fb421ffd2d6ae4bc95f19d1dcb50057a05273620a8c832ac1eca8f9b233d1861942255837c97dcb259e023fb945d411ed8","JE493230","2021-12-30T17:35:00.000","2","DRIVER",,"1191326",,"FORD","ESCAPE","IL","2017","NONE","PASSENGER","PERSONAL","N","STRAIGHT AHEAD",,,"1",,,,,,,,,,,"Y","Y",,,,,,"UNDER CARRIAGE",,,,,,,,,,,,,,,,,,,,,,,,,,,,,,,,,
"1255062","e325a3584145f2b533843ee1205252fb421ffd2d6ae4bc95f19d1dcb50057a05273620a8c832ac1eca8f9b233d1861942255837c97dcb259e023fb945d411ed8","JE493230","2021-12-30T17:35:00.000","3","PEDESTRIAN",,,,,,,,,,,,,,,,,,,,,,,,,,,,,,,,,,,,,,,,,,,,,,,,,,,,,,,,,,,,,,,,,,
"1254960","7e0bd1bc759bbdba89f3dd6550bbc39cb8a7137d1f334eee1d14eabe52984cb9123d0292161b4466cd5384f21604e237b1ec74729f2b0d52035385a1c766f2d3","JE493219","2021-12-30T17:30:00.000","1","DRIVER",,"1191249",,"CHRYSLER","OTHER (EXPLAIN IN NARRATIVE)","IL","2012","UNKNOWN","PASSENGER","PERSONAL","E","STRAIGHT AHEAD",,,"1",,,,,"Y",,,,,,,,,,"Y","Y",,"OTHER",,,,,,,,,,,,,,,,,,,,,,,,,,,,,,,,,
"1254961","7e0bd1bc759bbdba89f3dd6550bbc39cb8a7137d1f334eee1d14eabe52984cb9123d0292161b4466cd5384f21604e237b1ec74729f2b0d52035385a1c766f2d3","JE493219","2021-12-30T17:30:00.000","2","DRIVER",,"1191252",,"MERCEDES-BENZ","OTHER (EXPLAIN IN NARRATIVE)","IL","2012","UNKNOWN","PASSENGER","PERSONAL","E","STRAIGHT AHEAD",,,"1",,,,,,,,,"Y","Y","Y",,,,,,,"REAR-LEFT",,,,,,,,,,,,,,,,,,,,,,,,,,,,,,,,,
"1254952","cb8527849f4f558640fc80934a582a36aeca440001bd21e7f804c8bbfa837f50ade7f457c87277a05237ea47dbb3f462d673c122face720b5dd9acbabe844ba6","JE493220","2021-12-30T17:30:00.000","1","DRIVER",,"1191232",,"UNKNOWN","OTHER (EXPLAIN IN NARRATIVE)",,,"NONE","PASSENGER","UNKNOWN/NA","UNKNOWN","STRAIGHT AHEAD",,,"1",,,,,"Y",,,,,,,,,,"Y","Y",,"OTHER",,,,,,,,,,,,,,,,,,,,,,,,,,,,,,,,,
"1254953","cb8527849f4f558640fc80934a582a36aeca440001bd21e7f804c8bbfa837f50ade7f457c87277a05237ea47dbb3f462d673c122face720b5dd9acbabe844ba6","JE493220","2021-12-30T17:30:00.000","2","DRIVER",,"1191236",,"JEEP","GRAND CHEROKEE",,"2017","NONE","SPORT UTILITY VEHICLE (SUV)","PERSONAL","UNKNOWN","SLOW/STOP IN TRAFFIC",,,"1",,,,,,,,,"Y","Y","Y",,,,,,,"REAR-LEFT",,,,,,,,,,,,,,,,,,,,,,,,,,,,,,,,,
"1254985","e833dd01759ee94d17f8447f7383b70e1227d6fcfa87e7bd582c2730669567d316332bee7791b06549abaaaba248bd70b63250c852744f090b00c344a6a92ef8","JE493210","2021-12-30T17:19:00.000","1","DRIVER",,"1191272",,"HONDA","CR-V","IL","2006","UNKNOWN","SPORT UTILITY VEHICLE (SUV)","PERSONAL","W","TURNING LEFT",,,"1",,,,,"Y",,,,,,,,,,"Y","Y",,"OTHER",,,,,,,,,,,,,,,,,,,,,,,,,,,,,,,,,
"1254986","e833dd01759ee94d17f8447f7383b70e1227d6fcfa87e7bd582c2730669567d316332bee7791b06549abaaaba248bd70b63250c852744f090b00c344a6a92ef8","JE493210","2021-12-30T17:19:00.000","2","PARKED",,"1191275",,"NISSAN","ALTIMA","IL","2017","NONE","PASSENGER","NOT IN USE","W","PARKED",,,"0",,,,,,,,,,"Y","Y",,,,,,,"SIDE-LEFT",,,,,,,,,,,,,,,,,,,,,,,,,,,,,,,,,
"1254987","e833dd01759ee94d17f8447f7383b70e1227d6fcfa87e7bd582c2730669567d316332bee7791b06549abaaaba248bd70b63250c852744f090b00c344a6a92ef8","JE493210","2021-12-30T17:19:00.000","3","DRIVER","1","1191282",,"VOLKSWAGEN","PASSAT","IL","2008","NONE","PASSENGER","PERSONAL","E","SLOW/STOP IN TRAFFIC","Y",,"2",,"WEST LOOP TOWING","231 N WOLCOTT",,"Y","Y",,,,,,,,,"Y","Y",,"TOTAL (ALL AREAS)",,,,,,,,,,,,,,,,,,,,,,,,,,,,,,,,,
"1254988","e833dd01759ee94d17f8447f7383b70e1227d6fcfa87e7bd582c2730669567d316332bee7791b06549abaaaba248bd70b63250c852744f090b00c344a6a92ef8","JE493210","2021-12-30T17:19:00.000","4","DRIVER","2","1191290",,"TOYOTA","AVALON","IL","2006","NONE","PASSENGER","RIDESHARE SERVICE","E","SLOW/STOP IN TRAFFIC",,,"3",,,,,,,,,,,,,"Y",,,,,"ROOF",,,,,,,,,,,,,,,,,,,,,,,,,,,,,,,,,
"1255012","fdf4f1d8c40c83e804cd4fc48a8602e2eefe67fc8ab2e0e747506a513d1a9ff877201c46eddfe4803c7f2943e81c5e418b5a0e492c1cba4fb1c1e4b166aa6a09","JE493243","2021-12-30T17:18:00.000","1","DRIVER",,"1191296",,"CHEVROLET","MALIBU","IL","2014","UNKNOWN","PASSENGER","PERSONAL","N","STRAIGHT AHEAD","Y",,"1",,"private",,,,,,,,,,,,,,"Y",,"OTHER",,,,,,,,,,,,,,,,,,,,,,,,,,,,,,,,,
"1255013","fdf4f1d8c40c83e804cd4fc48a8602e2eefe67fc8ab2e0e747506a513d1a9ff877201c46eddfe4803c7f2943e81c5e418b5a0e492c1cba4fb1c1e4b166aa6a09","JE493243","2021-12-30T17:18:00.000","2","DRIVER",,"1191303",,"JEEP","GRAND CHEROKEE","WI","2016","UNKNOWN","SPORT UTILITY VEHICLE (SUV)","PERSONAL","N","SLOW/STOP IN TRAFFIC",,,"1",,,,,,,,,,"Y",,,,,,,,"REAR-LEFT",,,,,,,,,,,,,,,,,,,,,,,,,,,,,,,,,
"1254983","9f73173a1aacfe12798ccbe200a8937ff916691df6390483781841048c79262f21d2ac6f9ffd9dc8733aa91f298035afb8043371590a43511aa2b6af9fa2fe80","JE493202","2021-12-30T17:15:00.000","1","DRIVER",,"1191263",,"VOLKSWAGEN","GTI","IL","2010","NONE","PASSENGER","PERSONAL","E","TURNING LEFT","Y",,"1",,"PRIVATE",,,,,,,,,,,,,"Y",,,"TOTAL (ALL AREAS)",,,,,,,,,,,,,,,,,,,,,,,,,,,,,,,,,
"1254984","9f73173a1aacfe12798ccbe200a8937ff916691df6390483781841048c79262f21d2ac6f9ffd9dc8733aa91f298035afb8043371590a43511aa2b6af9fa2fe80","JE493202","2021-12-30T17:15:00.000","2","DRIVER",,"1191269",,"NISSAN","ROGUE","IL","2017","NONE","PASSENGER","PERSONAL","S","STRAIGHT AHEAD",,,"1",,,,,"Y",,,,,,,,,,,,,"FRONT",,,,,,,,,,,,,,,,,,,,,,,,,,,,,,,,,
"1254977","a7af341f24a2225e25b15d9f477e583e199555433e1201fe512df7617466ccd64edbbd7a337a5743b93ab928af62b67c64ccc88450e848f975a7f5884d6bf676","JE493241","2021-12-30T17:13:00.000","1","DRIVER",,"1191259",,"NISSAN","ALTIMA","FL","2020","NONE","PASSENGER","PERSONAL","E","UNKNOWN/NA",,,"1",,,,,"Y","Y","Y",,,,,,,,,"Y",,"FRONT",,,,,,,,,,,,,,,,,,,,,,,,,,,,,,,,,
"1254978","a7af341f24a2225e25b15d9f477e583e199555433e1201fe512df7617466ccd64edbbd7a337a5743b93ab928af62b67c64ccc88450e848f975a7f5884d6bf676","JE493241","2021-12-30T17:13:00.000","2","DRIVER",,"1191265",,"JEEP","GRAND CHEROKEE","IL","2021","ENGINE/MOTOR","SPORT UTILITY VEHICLE (SUV)","PERSONAL","E","STRAIGHT AHEAD","Y",,"1",,"PRIVATE",,,,,,,,"Y","Y","Y","Y",,,,,"SIDE-LEFT",,,,,,,,,,,,,,,,,,,,,,,,,,,,,,,,,
"1255034","fdc8973e4d39a72c85ff78fe872ba0aeaefb4facb71721a067bc2aed45a0ae7b750c7dabb7f9333a69ff070a73ebdef03b9b8a09c3013f407a2d34f7ac21c083","JE493177","2021-12-30T17:05:00.000","1","DRIVER",,"1191313",,"JEEP","GRAND CHEROKEE","IL","2016","NONE","SPORT UTILITY VEHICLE (SUV)","PERSONAL","S","STRAIGHT AHEAD","Y",,"1",,"private","unknown",,,,,,,,,,,,"Y","Y",,"TOTAL (ALL AREAS)",,,,,,,,,,,,,,,,,,,,,,,,,,,,,,,,,
"1255035","fdc8973e4d39a72c85ff78fe872ba0aeaefb4facb71721a067bc2aed45a0ae7b750c7dabb7f9333a69ff070a73ebdef03b9b8a09c3013f407a2d34f7ac21c083","JE493177","2021-12-30T17:05:00.000","2","DRIVER","3","1191316",,"CHEVROLET","IMPALA","IL","2006","NONE","PASSENGER","PERSONAL","N","STRAIGHT AHEAD","Y",,"4",,"private","unknown",,,,,,,,,,"Y","Y","Y",,,"TOTAL (ALL AREAS)",,,,,,,,,,,,,,,,,,,,,,,,,,,,,,,,,
"1255036","fdc8973e4d39a72c85ff78fe872ba0aeaefb4facb71721a067bc2aed45a0ae7b750c7dabb7f9333a69ff070a73ebdef03b9b8a09c3013f407a2d34f7ac21c083","JE493177","2021-12-30T17:05:00.000","3","DRIVER",,"1191328",,"NOVA BUS","OTHER (EXPLAIN IN NARRATIVE)","IL","2015","NONE","BUS OVER 15 PASS.","CTA","N","STRAIGHT AHEAD",,,"1",,,,,,,,,,,"Y",,,,,,,"SIDE-LEFT",,,,,,,,,,,,,,,,,,,,,,,,,,,,,,,,,
"1254975","a65f677468d63f5f2a87a51b8ce582192e75db208c760095fa338d275135b731f5ca9e44045444b1fbdad18b3778a3bf4a71e02114f69e4d251af6ff09229039","JE493245","2021-12-30T17:03:00.000","1","DRIVER",,"1191260",,"BUICK","OTHER (EXPLAIN IN NARRATIVE)","IL","2016","NONE","SINGLE UNIT TRUCK WITH TRAILER","UNKNOWN/NA","S","CHANGING LANES",,,"1",,,,,,,,,,,,,,,,,,"ROOF",,,,,,,,,,,,,,,,,,,,,,,,,,,,,,,,,
"1254976","a65f677468d63f5f2a87a51b8ce582192e75db208c760095fa338d275135b731f5ca9e44045444b1fbdad18b3778a3bf4a71e02114f69e4d251af6ff09229039","JE493245","2021-12-30T17:03:00.000","2","DRIVER",,"1191268",,"FORD","OTHER (EXPLAIN IN NARRATIVE)","IL","2020","NONE","OTHER","OTHER","S","STRAIGHT AHEAD",,,"1",,,,,"Y","Y","Y","Y","Y",,"N","N","N",,,,,"ROOF",,,,,,,,,,,,,,,,,,,,,,,,,,,,,,,,,
"1255001","9e75e1fc1831550656b52802350e9ca723c539c8ca60fcf73003dad88a192113870b5222bda4dcca577b499129112b7670a1dd20e7519d20969b74d062ce7029","JE493282","2021-12-30T17:00:00.000","1","DRIVER",,"1191285",,"BMW","X3","MN",,"UNKNOWN","UNKNOWN/NA","UNKNOWN/NA","W","STARTING IN TRAFFIC",,,"1",,,,,,,,,,,,,,,,,"Y","OTHER",,,,,,,,,,,,,,,,,,,,,,,,,,,,,,,,,
"1255002","9e75e1fc1831550656b52802350e9ca723c539c8ca60fcf73003dad88a192113870b5222bda4dcca577b499129112b7670a1dd20e7519d20969b74d062ce7029","JE493282","2021-12-30T17:00:00.000","2","DRIVER","2","1191288",,"HYUNDAI","SANTA FE","IL","2004","NONE","PASSENGER","UNKNOWN/NA","S","STRAIGHT AHEAD",,,"3",,,,,,"Y","Y","Y",,,,,,,,,,"SIDE-RIGHT",,,,,,,,,,,,,,,,,,,,,,,,,,,,,,,,,
"1254966","b541b306d9b1359b1964e8b08e4295e3ebe07b29eda5abe452734d780e0f21b99dd6e152ab5549155b5cbc9fd49041f7edafd93e32b5029738b7c628c21e7240","JE493190","2021-12-30T17:00:00.000","1","DRIVER",,"1191247",,"NISSAN","ROGUE","IL","2020","NONE","PASSENGER","PERSONAL","E","TURNING RIGHT",,,"1",,,,,"Y","Y","Y",,,,,,,,,"Y",,"FRONT",,,,,,,,,,,,,,,,,,,,,,,,,,,,,,,,,
"1254967","b541b306d9b1359b1964e8b08e4295e3ebe07b29eda5abe452734d780e0f21b99dd6e152ab5549155b5cbc9fd49041f7edafd93e32b5029738b7c628c21e7240","JE493190","2021-12-30T17:00:00.000","2","DRIVER","1","1191257",,"LINCOLN","NAVIGATOR","IL","2003","NONE","PASSENGER","PERSONAL","N","STRAIGHT AHEAD",,,"2",,,,,"Y","Y",,,,,,,,"Y","Y","Y",,"TOTAL (ALL AREAS)",,,,,,,,,,,,,,,,,,,,,,,,,,,,,,,,,
"1255279","c54920e797a376681e224c4585e6c56c3001b81df2d54ee1a28a14352bf821fc073e13d0afae1880061528265c8167195b9faeeee6ddfa12b488235d0e095e16","JE493217","2021-12-30T17:00:00.000","1","DRIVER",,"1191549",,"TOYOTA","COROLLA","TX","2013","UNKNOWN","PASSENGER","UNKNOWN/NA","S","STRAIGHT AHEAD",,,"1",,,,,"Y",,,,,,,,,,"Y","Y",,"OTHER",,,,,,,,,,,,,,,,,,,,,,,,,,,,,,,,,