"crash_unit_id","crash_record_id","rd_no","crash_date","unit_no","unit_type","num_passengers","vehicle_id","cmrc_veh_i","make","model","lic_plate_state","vehicle_year","vehicle_defect","vehicle_type","vehicle_use","travel_direction","maneuver","towed_i","fire_i","occupant_cnt","exceed_speed_limit_i","towed_by","towed_to","area_00_i","area_01_i","area_02_i","area_03_i","area_04_i","area_05_i","area_06_i","area_07_i","area_08_i","area_09_i","area_10_i","area_11_i","area_12_i","area_99_i","first_contact_point","cmv_id","usdot_no","ccmc_no","ilcc_no","commercial_src","gvwr","carrier_name","carrier_state","carrier_city","hazmat_placards_i","hazmat_name","un_no","hazmat_present_i","hazmat_report_i","hazmat_report_no","mcs_report_i","mcs_report_no","hazmat_vio_cause_crash_i","mcs_vio_cause_crash_i","idot_permit_no","wide_load_i","trailer1_width","trailer2_width","trailer1_length","trailer2_length","total_vehicle_length","axle_cnt","vehicle_config","cargo_body_type","load_type","hazmat_out_of_service_i","mcs_out_of_service_i","hazmat_class"
"1255280","c54920e797a376681e224c4585e6c56c3001b81df2d54ee1a28a14352bf821fc073e13d0afae1880061528265c8167195b9faeeee6ddfa12b488235d0e095e16","JE493217","2021-12-30T17:00:00.000","2","DRIVER","1","1191550",,"FLEETWOOD ENTERPRISES","FLEETWOOD ENTERPRISES","IL",,"UNKNOWN","UNKNOWN/NA","UNKNOWN/NA","N","BACKING",,,"2",,,,"Y",,,,,,,,,,,,,,"NONE",,,,,,,,,,,,,,,,,,,,,,,,,,,,,,,,,
"1254995","ffaf6ae019fb52fe62b174ef34150a4946313b5fadc83d4a439745bffd9decf92345e445aee93a9bb297f158c20ccb30e71f7d4b515e688c2e269492d48e85ac","JE493270","2021-12-30T17:00:00.000","1","DRIVER",,"1191274",,"HONDA","CR-V","IL","2017","NONE","PASSENGER","PERSONAL","E","STRAIGHT AHEAD",,,"1",,,,,"Y",,,,,,,,,,,,,"FRONT",,,,,,,,,,,,,,,,,,,,,,,,,,,,,,,,,
"1254996","ffaf6ae019fb52fe62b174ef34150a4946313b5fadc83d4a439745bffd9decf92345e445aee93a9bb297f158c20ccb30e71f7d4b515e688c2e269492d48e85ac","JE493270","2021-12-30T17:00:00.000","2","DRIVER",,"1191278",,"NISSAN","ALTIMA","IL","2010","NONE","PASSENGER","PERSONAL","N","STRAIGHT AHEAD",,,"1",,,,,,,,,,,,,,,"Y",,,"TOTAL (ALL AREAS)",,,,,,,,,,,,,,,,,,,,,,,,,,,,,,,,,
"1254954","57823b997b95604627352bb84ade3a6b6919c56820ac53308218fba4f5d51135b4c20140c8603d50c956653704c308a4d74dbd8eed5571f2eccee47bdd06a5a9","JE493189","2021-12-30T16:53:00.000","1","DRIVER",,"1191233",,"UNKNOWN","OTHER (EXPLAIN IN NARRATIVE)",,,"UNKNOWN","PASSENGER","UNKNOWN/NA","W","STRAIGHT AHEAD",,,"1",,,,,,,,,,,,,,,,,"Y","TOTAL (ALL AREAS)",,,,,,,,,,,,,,,,,,,,,,,,,,,,,,,,,
"1254955","57823b997b95604627352bb84ade3a6b6919c56820ac53308218fba4f5d51135b4c20140c8603d50c956653704c308a4d74dbd8eed5571f2eccee47bdd06a5a9","JE493189","2021-12-30T16:53:00.000","2","DRIVER","1","1191239",,"TOYOTA","SOLARA","IL","2003","UNKNOWN","PASSENGER","PERSONAL","NW","TURNING LEFT",,,"2",,,,,"Y",,,,,,,,,,"Y","Y",,"FRONT",,,,,,,,,,,,,,,,,,,,,,,,,,,,,,,,,
"1254909","4c473c6c4f3f1c452800869e4050a7ea9e58e1daf14035807458f6cf93d86b2133d8b916b3cd61cc9524c928ac9f917ea0f55f4b134b56f8884a53552817c318","JE493166","2021-12-30T16:50:00.000","1","DRIVER",,"1191201",,"UNKNOWN","OTHER (EXPLAIN IN NARRATIVE)",,,"NONE","OTHER","OTHER","UNKNOWN","TURNING RIGHT",,,"1",,,,,,,"Y",,,,,,,,,,,"SIDE-RIGHT",,,,,,,,,,,,,,,,,,,,,,,,,,,,,,,,,
"1254991","197331e94d70703079a5ea8b02f5f3ff41711c83ff79e11118ee728b0b9bfb5c2dacd8f366ad59f0bbc056eecbb109aefa6b787733b58e9b0a435f6fe1af33b7","JE493218","2021-12-30T16:45:00.000","1","DRIVER",,"1191273",,"MERCEDES-BENZ","OTHER (EXPLAIN IN NARRATIVE)","IL","2008","UNKNOWN","PASSENGER","PERSONAL","N","STRAIGHT AHEAD",,,"1",,,,,"Y",,,,,,,,,,"Y","Y",,"OTHER",,,,,,,,,,,,,,,,,,,,,,,,,,,,,,,,,
"1254992","197331e94d70703079a5ea8b02f5f3ff41711c83ff79e11118ee728b0b9bfb5c2dacd8f366ad59f0bbc056eecbb109aefa6b787733b58e9b0a435f6fe1af33b7","JE493218","2021-12-30T16:45:00.000","2","DRIVER",,"1191277",,"SUBARU","OTHER (EXPLAIN IN NARRATIVE)","IL","2022","NONE","SPORT UTILITY VEHICLE (SUV)","PERSONAL","N","STRAIGHT AHEAD",,,"1",,,,,,,,,"Y","Y","Y",,,,,,,"REAR-LEFT",,,,,,,,,,,,,,,,,,,,,,,,,,,,,,,,,
"1254944","0f13063a8394f1f59d0f3d4ab979d91b285c08691f92a3afb4357df1cd4e031088e500c9d093f3ca55406761968fdc93a225309c0813d80023e1d054420c9856","JE493157","2021-12-30T16:36:00.000","1","DRIVER",,"1191229",,"MITSUBISHI","LANCER","IL","2015","UNKNOWN","PASSENGER","PERSONAL","E","TURNING RIGHT","Y",,"1",,"private","residence",,"Y",,,,,,,,,,"Y","Y",,"TOTAL (ALL AREAS)",,,,,,,,,,,,,,,,,,,,,,,,,,,,,,,,,
"1254945","0f13063a8394f1f59d0f3d4ab979d91b285c08691f92a3afb4357df1cd4e031088e500c9d093f3ca55406761968fdc93a225309c0813d80023e1d054420c9856","JE493157","2021-12-30T16:36:00.000","2","DRIVER",,"1191237",,"TOYOTA","TUNDRA","TX","2007","NONE","PICKUP","PERSONAL","S","STRAIGHT AHEAD","Y","N","1",,"private","residence",,"Y","Y",,,,,,,,,,"Y",,"OTHER",,,,,,,,,,,,,,,,,,,,,,,,,,,,,,,,,
"1254962","38459767b9b1a9bc1faed4a942998a04b6e29aa369541f7cc27fba81178a834f577b2f18367317d30ef00e792b76291e53130aef6ec107948fd2569e90dc82af","JE493188","2021-12-30T16:30:00.000","1","DRIVER",,"1191245",,"UNKNOWN","MOTORIZED",,,"UNKNOWN","UNKNOWN/NA","UNKNOWN/NA","W","UNKNOWN/NA",,,"1",,,,,,,,,,,,,,,,,,"UNKNOWN",,,,,,,,,,,,,,,,,,,,,,,,,,,,,,,,,
"1254963","38459767b9b1a9bc1faed4a942998a04b6e29aa369541f7cc27fba81178a834f577b2f18367317d30ef00e792b76291e53130aef6ec107948fd2569e90dc82af","JE493188","2021-12-30T16:30:00.000","2","BICYCLE",,,,,,,,,,,,,,,,,,,,,,,,,,,,,,,,,,,,,,,,,,,,,,,,,,,,,,,,,,,,,,,,,,
"1254907","12adc31e00b37765ab31f6934d39a890e2d7e618f683dfaaca971feda620ecf023563942ce577ce2bcb13a83a6a77632750469e11cd650c6733a93fa18f088bc","JE493146","2021-12-30T16:25:00.000","1","DRIVER",,"1191187",,"FORD","ESCAPE","IL","2018","NONE","PASSENGER","NOT IN USE","S","STRAIGHT AHEAD",,,"1",,,,,,,,,,,,,,,,"Y",,"OTHER",,,,,,,,,,,,,,,,,,,,,,,,,,,,,,,,,
"1254908","12adc31e00b37765ab31f6934d39a890e2d7e618f683dfaaca971feda620ecf023563942ce577ce2bcb13a83a6a77632750469e11cd650c6733a93fa18f088bc","JE493146","2021-12-30T16:25:00.000","2","DRIVER",,"1191195",,"TOYOTA","YARIS","IL","2017","NONE","PASSENGER","PERSONAL","S","STRAIGHT AHEAD",,,"1",,,,,,,,,,"Y",,,,,,,,"REAR-LEFT",,,,,,,,,,,,,,,,,,,,,,,,,,,,,,,,,
"1254926","470f7d513be240bce3ee2e646c86c7f4624fe9ea408f629a7487f64b9cc1ddbf67ee02d0e18e919977ceb3b5154e7debe4ce92202a0b2e1c905384c756d8c33b","JE493144","2021-12-30T16:25:00.000","1","DRIVER",,"1191216",,"HONDA","ELEMENT","IL","2008","NONE","SPORT UTILITY VEHICLE (SUV)","PERSONAL","E","STRAIGHT AHEAD",,,"1",,,,,,,,,,,,,,,,"Y",,"OTHER",,,,,,,,,,,,,,,,,,,,,,,,,,,,,,,,,
"1254927","470f7d513be240bce3ee2e646c86c7f4624fe9ea408f629a7487f64b9cc1ddbf67ee02d0e18e919977ceb3b5154e7debe4ce92202a0b2e1c905384c756d8c33b","JE493144","2021-12-30T16:25:00.000","2","DRIVER",,"1191223",,"DODGE","CHARGER","IL","2014","NONE","PASSENGER","PERSONAL","E","SLOW/STOP IN TRAFFIC",,,"1",,,,,,,,,,"Y",,,,,,,,"REAR-LEFT",,,,,,,,,,,,,,,,,,,,,,,,,,,,,,,,,
"1259472","7896153627d134c820a9ab26866c910e9b4f30dc1f6970ffd8ae036e62ff5f584c528a0f5b6afc2e782c68b78563f5f06845c5a2909eb125ab056647ed323837","JE493137","2021-12-30T16:10:00.000","1","DRIVER",,"1195516",,"CHEVROLET","SILVERADO","IL","2004","UNKNOWN","PICKUP","PERSONAL","E","TURNING LEFT",,,"1",,,,,,,,,,,,,,"Y","Y",,,"TOTAL (ALL AREAS)",,,,,,,,,,,,,,,,,,,,,,,,,,,,,,,,,
"1259473","7896153627d134c820a9ab26866c910e9b4f30dc1f6970ffd8ae036e62ff5f584c528a0f5b6afc2e782c68b78563f5f06845c5a2909eb125ab056647ed323837","JE493137","2021-12-30T16:10:00.000","2","DRIVER",,"1195517",,"HYUNDAI","SONATA","IL","2018","UNKNOWN","PASSENGER","PERSONAL","S","STRAIGHT AHEAD","Y",,"1",,"PRIVATE",,,,,,,,,,,,,,"Y",,"OTHER",,,,,,,,,,,,,,,,,,,,,,,,,,,,,,,,,
"1254946","bf5ba7e826f843d4803a3b080d88e5cdab2e643620a95ca062248af52ea50843c48b68f8c7e911d5d31bd9d619c26d286e6ba9e9a538afb9c55984d798393428","JE493195","2021-12-30T16:10:00.000","1","DRIVER",,"1191231",,"NISSAN","ROGUE","IL","2017","NONE","SPORT UTILITY VEHICLE (SUV)","PERSONAL","E","CHANGING LANES",,,"1",,,,,,,,,,,,,"Y",,,,,"ROOF",,,,,,,,,,,,,,,,,,,,,,,,,,,,,,,,,
"1254947","bf5ba7e826f843d4803a3b080d88e5cdab2e643620a95ca062248af52ea50843c48b68f8c7e911d5d31bd9d619c26d286e6ba9e9a538afb9c55984d798393428","JE493195","2021-12-30T16:10:00.000","2","DRIVER","3","1191240",,"TOYOTA","HIGHLANDER","IL","2006","NONE","SPORT UTILITY VEHICLE (SUV)","PERSONAL","E","STRAIGHT AHEAD",,,"4",,,,,"Y",,,,,,,,,,,,,"FRONT",,,,,,,,,,,,,,,,,,,,,,,,,,,,,,,,,
"1255065","80793921af42cca1d0c12b22414df5e31efc9cba00423fb24f1f423b9f6ffb50a6afd6c1283094a857198966a9cde227c6ea05d5f756b249c450bfecf65c1dca","JE493260","2021-12-30T16:08:00.000","1","DRIVER",,"1191341",,"CHRYSLER","TOWN & COUNTRY","IL","2008","UNKNOWN","VAN/MINI-VAN","OTHER","S","STRAIGHT AHEAD","Y",,"1",,"city of chicago","10300 s doty",,"Y",,,,,,,,,,"Y","Y",,"OTHER",,,,,,,,,,,,,,,,,,,,,,,,,,,,,,,,,
"1255066","80793921af42cca1d0c12b22414df5e31efc9cba00423fb24f1f423b9f6ffb50a6afd6c1283094a857198966a9cde227c6ea05d5f756b249c450bfecf65c1dca","JE493260","2021-12-30T16:08:00.000","2","DRIVER","4","1191356",,"JEEP","CHEROKEE","VA","2019","NONE","PASSENGER","RIDESHARE SERVICE","S","STRAIGHT AHEAD","Y",,"5",,"dbj","9316 s. baltimore",,,,,,"Y","Y","Y",,,,,,,"REAR-LEFT",,,,,,,,,,,,,,,,,,,,,,,,,,,,,,,,,
"1254972","85491385d14d17cc944a7c594420e24d61b18727a8d80e7ada64be6c6e6e950fd745cbf542cee7d885f170e8c3eb05ea5e1409c4ff3303247cd2aea5a9790369","JE493136","2021-12-30T16:08:00.000","1","DRIVER",,"1191258",,"CHEVROLET","EQUINOX","IL","2013","UNKNOWN","SPORT UTILITY VEHICLE (SUV)","UNKNOWN/NA","W","UNKNOWN/NA","Y",,"1",,"PRIVATE TOW",,,,,,,,,,,,,,,,,,,,,,,,,,,,,,,,,,,,,,,,,,,,,,,,,
"1254973","85491385d14d17cc944a7c594420e24d61b18727a8d80e7ada64be6c6e6e950fd745cbf542cee7d885f170e8c3eb05ea5e1409c4ff3303247cd2aea5a9790369","JE493136","2021-12-30T16:08:00.000","2","PARKED",,"1191261",,"NISSAN","ALTIMA","IL","2000","UNKNOWN","PASSENGER","PERSONAL","W","PARKED",,,"0",,,,,,,,,,,"Y","Y","Y","Y","Y",,,"ROOF",,,,,,,,,,,,,,,,,,,,,,,,,,,,,,,,,
"1254974","85491385d14d17cc944a7c594420e24d61b18727a8d80e7ada64be6c6e6e950fd745cbf542cee7d885f170e8c3eb05ea5e1409c4ff3303247cd2aea5a9790369","JE493136","2021-12-30T16:08:00.000","3","PARKED",,"1191267",,"CHEVROLET","BLAZER","IL","2004","OTHER","SPORT UTILITY VEHICLE (SUV)","PERSONAL","W","PARKED",,,"0",,,,,,,,,,,"Y","Y","Y","Y","Y",,,"ROOF",,,,,,,,,,,,,,,,,,,,,,,,,,,,,,,,,
"1255003","991c56156b76f82ab92044acba2c300c80d758e58ae86c83050848a9243917a02202f27c632f60d018a87e99904558c5690cb2128b5c47234433b329284961b3","JE493127","2021-12-30T16:05:00.000","1","DRIVER","2","1191286",,"FORD","EXPLORER","IL","2005","UNKNOWN","PASSENGER","PERSONAL","N","STRAIGHT AHEAD","Y",,"3",,"CITY OF CHICAGO",,,"Y",,,,,,,,,,"Y","Y",,"OTHER",,,,,,,,,,,,,,,,,,,,,,,,,,,,,,,,,
"1254950","292d5256cbebc3f14f2e4b95048e40f707366d76d8788b780addfc36e7e7e9b29c4c1eb3c53649e9f67901d4f37b23b6c72901c52954e2d4fb1578136dd9202c","JE493196","2021-12-30T16:02:00.000","1","DRIVER",,"1191235",,"UNKNOWN","OTHER (EXPLAIN IN NARRATIVE)",,,"UNKNOWN","VAN/MINI-VAN","UNKNOWN/NA","W","STRAIGHT AHEAD",,,"1",,,,,"Y",,,,,,,,,,,,,"FRONT",,,,,,,,,,,,,,,,,,,,,,,,,,,,,,,,,
"1254951","292d5256cbebc3f14f2e4b95048e40f707366d76d8788b780addfc36e7e7e9b29c4c1eb3c53649e9f67901d4f37b23b6c72901c52954e2d4fb1578136dd9202c","JE493196","2021-12-30T16:02:00.000","2","PARKED",,"1191246",,"HONDA","CIVIC","IL","2018","NONE","PASSENGER","PERSONAL","W","PARKED",,,"0",,,,,,,,,,,,,,,"Y","Y",,"TOTAL (ALL AREAS)",,,,,,,,,,,,,,,,,,,,,,,,,,,,,,,,,
"1254924","4194401fe48f587c87cca42c8655d61f55d79e9df1eadc51668f4ba81579ccd6af8037c9c8e9c48da1908ffe16c6c57bdf35b5d14161dc98c5a5fa84fb56cff9","JE493116","2021-12-30T16:00:00.000","1","DRIVER",,"1191209",,"JEEP","WRANGLER","IL",,"UNKNOWN","SPORT UTILITY VEHICLE (SUV)","UNKNOWN/NA","E","STRAIGHT AHEAD",,,"1",,,,,,,,,,,,,,,,"Y",,"OTHER",,,,,,,,,,,,,,,,,,,,,,,,,,,,,,,,,
"1254925","4194401fe48f587c87cca42c8655d61f55d79e9df1eadc51668f4ba81579ccd6af8037c9c8e9c48da1908ffe16c6c57bdf35b5d14161dc98c5a5fa84fb56cff9","JE493116","2021-12-30T16:00:00.000","2","DRIVER","1","1191221",,"SUBURBAN MOTORS, INC.","SUBURBAN MOTORS, INC.","WI","2014","NONE","PASSENGER","PERSONAL","E","STRAIGHT AHEAD",,,"2",,,,,,,,,,"Y",,,,,,,,"SIDE-LEFT",,,,,,,,,,,,,,,,,,,,,,,,,,,,,,,,,
"1254916","5f9ba1305a258d0978753df4fe407ef770a5c3fbd6d57b250f4347ac045756e1cdfe2116829923205d392d2caed8a2d62c270a07e20420c96a15b256433da401","JE493169","2021-12-30T16:00:00.000","1","DRIVER",,"1191196",,"INFINITI","G37",,"2011","NONE","PASSENGER","PERSONAL","UNKNOWN","STRAIGHT AHEAD",,,"1",,,,,"Y",,,,,,,,,,"Y","Y",,"OTHER",,,,,,,,,,,,,,,,,,,,,,,,,,,,,,,,,
"1254917","5f9ba1305a258d0978753df4fe407ef770a5c3fbd6d57b250f4347ac045756e1cdfe2116829923205d392d2caed8a2d62c270a07e20420c96a15b256433da401","JE493169","2021-12-30T16:00:00.000","2","DRIVER",,"1191200",,"LINCOLN","OTHER (EXPLAIN IN NARRATIVE)",,"2018","NONE","PASSENGER","PERSONAL","UNKNOWN","SLOW/STOP IN TRAFFIC",,,"1",,,,,,,,,"Y","Y","Y",,,,,,,"REAR-LEFT",,,,,,,,,,,,,,,,,,,,,,,,,,,,,,,,,
"1254932","996aeabc85f014e615dafbc6191d3d980d95f751e47238d95ba5253eaa60d7e0e9ea1a420975a1f630f3e6427458197e5ddf99a84dd46f889f20e7da0d8030f3","JE493182","2021-12-30T16:00:00.000","1","DRIVER",,"1191215",,"UNKNOWN","MOTORIZED",,,"NONE","UNKNOWN/NA","UNKNOWN/NA","UNKNOWN","UNKNOWN/NA",,,"1",,,,,,,,,,"N",,,,,,,"Y","UNKNOWN",,,,,,,,,,,,,,,,,,,,,,,,,,,,,,,,,
"1254933","996aeabc85f014e615dafbc6191d3d980d95f751e47238d95ba5253eaa60d7e0e9ea1a420975a1f630f3e6427458197e5ddf99a84dd46f889f20e7da0d8030f3","JE493182","2021-12-30T16:00:00.000","2","PARKED",,"1191218",,"TOYOTA","PRIUS","IL","2010","UNKNOWN","PASSENGER","PERSONAL","S","PARKED",,,"0",,,,,,,,,"Y","Y","Y",,,,,,,"REAR-LEFT",,,,,,,,,,,,,,,,,,,,,,,,,,,,,,,,,
"1254890","fd3eaedbcf3dea14f7624bec842324762e63a5b57978b3deb0903511a44797681107853e0338a8ac9d33e7e8f448f085184cdf9cec4d9842c635eb7234bc3d21","JE493131","2021-12-30T16:00:00.000","1","DRIVER",,"1191174",,"HONDA","PILOT","IL",,"NONE","PASSENGER","PERSONAL","E","BACKING",,,"1",,,,,,,,,,"Y",,,,,,,,"REAR-LEFT",,,,,,,,,,,,,,,,,,,,,,,,,,,,,,,,,
"1254891","fd3eaedbcf3dea14f7624bec842324762e63a5b57978b3deb0903511a44797681107853e0338a8ac9d33e7e8f448f085184cdf9cec4d9842c635eb7234bc3d21","JE493131","2021-12-30T16:00:00.000","2","PARKED",,"1191177",,"CHEVROLET","OTHER (EXPLAIN IN NARRATIVE)","IL",,"UNKNOWN","UNKNOWN/NA","NOT IN USE","E","PARKED",,,"0",,,,,,,,,,,,,,,,"Y",,"OTHER",,,,,,,,,,,,,,,,,,,,,,,,,,,,,,,,,
"1254936","5b3c9d66a2d5a542d41b05e0bae88f9e07e2616612d485adb243e63d45b6b213e56a4f4383dfa4335bc0c7d1b16e71c3b06206ea0d7f882a129feaa179e1c9d3","JE493133","2021-12-30T15:55:00.000","1","DRIVER",,"1191242","Y","DODGE","RAM PROMASTER","IL","2021","NONE","VAN/MINI-VAN","COMMERCIAL - SINGLE UNIT","S","ENTERING TRAFFIC LANE FROM PARKING",,,"1",,,,"Y",,,,,,,,,,,,,,"UNDER CARRIAGE","13732",,,,"DRIVER","1","AFFINITY INSURANCE SERVICES","PA","FORT WASHINGTON",,,,"N","N",,"N",,"N","N",,,,,,,,,"UNKNOWN HEAVY TRUCK","VAN/ENCLOSED BOX","UNKNOWN","N","N",
"1254937","5b3c9d66a2d5a542d41b05e0bae88f9e07e2616612d485adb243e63d45b6b213e56a4f4383dfa4335bc0c7d1b16e71c3b06206ea0d7f882a129feaa179e1c9d3","JE493133","2021-12-30T15:55:00.000","2","DRIVER",,"1191251",,"HONDA","CIVIC","IL","2016","NONE","PASSENGER","PERSONAL","S","STRAIGHT AHEAD","Y",,"1",,,,,"Y","Y",,,,,,,,,,,,"FRONT-RIGHT",,,,,,,,,,,,,,,,,,,,,,,,,,,,,,,,,
"1255004","89fa9e126e841ca312fb117c5220ab58ce85d2069d685edaef6a1d1c5033b759b5712c08b502e59da3ac78c095c7e096a5f6ba42a3dd0bb0bdd6bcc7e81ff059","JE493284","2021-12-30T15:53:00.000","1","DRIVER",,"1191292",,"FORD","ESCAPE","IL","2015","NONE","SPORT UTILITY VEHICLE (SUV)","PERSONAL","W","STRAIGHT AHEAD",,,"1",,,,,"Y",,,,,,,,,,"Y","Y",,"OTHER",,,,,,,,,,,,,,,,,,,,,,,,,,,,,,,,,
"1255005","89fa9e126e841ca312fb117c5220ab58ce85d2069d685edaef6a1d1c5033b759b5712c08b502e59da3ac78c095c7e096a5f6ba42a3dd0bb0bdd6bcc7e81ff059","JE493284","2021-12-30T15:53:00.000","2","DRIVER",,"1191293",,"JEEP","GRAND CHEROKEE","IL","2018","NONE","SPORT UTILITY VEHICLE (SUV)","PERSONAL","N","STRAIGHT AHEAD",,,"1",,,,,"Y","Y","Y","Y","Y",,,,,,,,,"SIDE-RIGHT",,,,,,,,,,,,,,,,,,,,,,,,,,,,,,,,,
"1254956","5e009f0dd083660d1c37f9df2be86bd2b8b4dfca19bb5ee9a21e16f363551c49be182a19f13e20fdec4a21b167ae0f5d567aba0af3c87293cac71281d011e2f7","JE493117","2021-12-30T15:50:00.000","1","DRIVER","2","1191243",,"KIA","OTHER (EXPLAIN IN NARRATIVE)","IL","2021","UNKNOWN","PASSENGER","PERSONAL","E","STRAIGHT AHEAD","Y",,"3",,"SELF",,,"Y","Y",,,,,,,,"Y","Y","Y",,"UNKNOWN",,,,,,,,,,,,,,,,,,,,,,,,,,,,,,,,,
"1254957","5e009f0dd083660d1c37f9df2be86bd2b8b4dfca19bb5ee9a21e16f363551c49be182a19f13e20fdec4a21b167ae0f5d567aba0af3c87293cac71281d011e2f7","JE493117","2021-12-30T15:50:00.000","2","DRIVER",,"1191255",,"NISSAN","OTHER (EXPLAIN IN NARRATIVE)","IL","2008","UNKNOWN","PASSENGER","PERSONAL","E","UNKNOWN/NA","Y",,"1",,"SELF",,,"Y","Y","Y","Y","Y",,"Y","Y","Y","Y","Y",,,"UNKNOWN",,,,,,,,,,,,,,,,,,,,,,,,,,,,,,,,,
"1254928","7de915eb6c5cabee4b0c0cedb5fa3bb5ad1199ea099e27e4f2301ff5bc8e5d11511fe1678dd6b6140a38b7204802d5de38902a3c5e297e838cbe692d8e61a456","JE493167","2021-12-30T15:45:00.000","1","DRIVER",,"1191213",,"JEEP","LIBERTY","IL","2008","UNKNOWN","SPORT UTILITY VEHICLE (SUV)","UNKNOWN/NA","SW","CHANGING LANES",,,"1",,,,,"Y","Y","Y",,,,,,,,,,,"SIDE-RIGHT",,,,,,,,,,,,,,,,,,,,,,,,,,,,,,,,,
"1254929","7de915eb6c5cabee4b0c0cedb5fa3bb5ad1199ea099e27e4f2301ff5bc8e5d11511fe1678dd6b6140a38b7204802d5de38902a3c5e297e838cbe692d8e61a456","JE493167","2021-12-30T15:45:00.000","2","DRIVER",,"1191217",,"SUBARU","CROSSTREK","IL","2018","NONE","PASSENGER","PERSONAL","S","STRAIGHT AHEAD",,,"1",,,,,,,,,,,,,,,"Y",,,"TOTAL (ALL AREAS)",,,,,,,,,,,,,,,,,,,,,,,,,,,,,,,,,
"1254948","982aeda9f75a0c75383b4a493964d0d52c90b58b9da60b9e72968b585929cf0db4484b8e38acc46d64aaf285522629ee290cddc7dc9e863d91406ae709ffb0d2","JE493183","2021-12-30T15:45:00.000","1","DRIVER",,"1191228",,"HONDA","ODYSSEY","TX","2012","NONE","PASSENGER","PERSONAL","W","STRAIGHT AHEAD",,,"1",,,,,,,,,,,,,,,,"Y",,"OTHER",,,,,,,,,,,,,,,,,,,,,,,,,,,,,,,,,
"1254949","982aeda9f75a0c75383b4a493964d0d52c90b58b9da60b9e72968b585929cf0db4484b8e38acc46d64aaf285522629ee290cddc7dc9e863d91406ae709ffb0d2","JE493183","2021-12-30T15:45:00.000","2","DRIVER",,"1191241",,"HONDA","OTHER (EXPLAIN IN NARRATIVE)","IL","2011","NONE","PASSENGER","PERSONAL","W","STRAIGHT AHEAD",,,"1",,,,,,,,,,"Y",,,,,,,,"REAR-LEFT",,,,,,,,,,,,,,,,,,,,,,,,,,,,,,,,,
"1254878","13f34de2b592215115ac85716f58eaa561b3476158be7806f8307ba39f4e90bb84931d8a81fe0e1c14bb9fdbe9f3fe90e4e6253c6c63bc3077f1f6355111d8a0","JE493111","2021-12-30T15:40:00.000","1","DRIVER",,"1191175",,"INFINITI","G35","IL","2006","NONE","PASSENGER","UNKNOWN/NA","S","STRAIGHT AHEAD",,,"1",,,,,,,,,,,,,,,,,"Y","OTHER",,,,,,,,,,,,,,,,,,,,,,,,,,,,,,,,,
"1254879","13f34de2b592215115ac85716f58eaa561b3476158be7806f8307ba39f4e90bb84931d8a81fe0e1c14bb9fdbe9f3fe90e4e6253c6c63bc3077f1f6355111d8a0","JE493111","2021-12-30T15:40:00.000","2","DRIVER",,"1191166",,"FORD","FUSION","IL","2020","NONE","PASSENGER","PERSONAL","S","STRAIGHT AHEAD",,,"1",,,,,,,,,,,"Y",,,,,,,"SIDE-LEFT",,,,,,,,,,,,,,,,,,,,,,,,,,,,,,,,,
"1254935","ccf5c9067b804d2caff5ce38ebf20ee22ebae7545ab30e34166555f9d4f94c5c03700b23bf28b189d681d8aafa700b67c9ebf9799bf66ed62acba155a1711364","JE493147","2021-12-30T15:40:00.000","1","DRIVER",,"1191222","Y","INTERNATIONAL TRAILER CORPORATION","INTERNATIONAL TRAILER CORP.",,"2022","NONE","TRACTOR W/ SEMI-TRAILER","COMMERCIAL - MULTI-UNIT","S","STRAIGHT AHEAD","Y",,"1",,"PRIVATE",,,,,,,,,,,,,,,,,"13731","1252905",,,,,"KNIGHT REFRIGERATED LLC","IN","NOBLESVILLE",,,,"N","N",,"N",,"N","N",,,,,,,,,"TRACTOR/SEMI-TRAILER","VAN/ENCLOSED BOX","OTHER","N","N",