"crash_unit_id","crash_record_id","rd_no","crash_date","unit_no","unit_type","num_passengers","vehicle_id","cmrc_veh_i","make","model","lic_plate_state","vehicle_year","vehicle_defect","vehicle_type","vehicle_use","travel_direction","maneuver","towed_i","fire_i","occupant_cnt","exceed_speed_limit_i","towed_by","towed_to","area_00_i","area_01_i","area_02_i","area_03_i","area_04_i","area_05_i","area_06_i","area_07_i","area_08_i","area_09_i","area_10_i","area_11_i","area_12_i","area_99_i","first_contact_point","cmv_id","usdot_no","ccmc_no","ilcc_no","commercial_src","gvwr","carrier_name","carrier_state","carrier_city","hazmat_placards_i","hazmat_name","un_no","hazmat_present_i","hazmat_report_i","hazmat_report_no","mcs_report_i","mcs_report_no","hazmat_vio_cause_crash_i","mcs_vio_cause_crash_i","idot_permit_no","wide_load_i","trailer1_width","trailer2_width","trailer1_length","trailer2_length","total_vehicle_length","axle_cnt","vehicle_config","cargo_body_type","load_type","hazmat_out_of_service_i","mcs_out_of_service_i","hazmat_class"
"1256843","e80df739de2d30a024a8c3b506acac79b2849998e65bb7c57564adad5992da6b26d300cafd160c40a577ee2dd25ee7cffaf25644b9a7548efea70d6e240bf9bc","JF102186","2021-12-30T15:40:00.000","1","DRIVER",,"1193011",,"BMW","OTHER (EXPLAIN IN NARRATIVE)",,"2016","UNKNOWN","SPORT UTILITY VEHICLE (SUV)","UNKNOWN/NA","E","PASSING/OVERTAKING",,,"1",,,,,,,,,,,"Y",,,,,,,"SIDE-LEFT",,,,,,,,,,,,,,,,,,,,,,,,,,,,,,,,,
"1256844","e80df739de2d30a024a8c3b506acac79b2849998e65bb7c57564adad5992da6b26d300cafd160c40a577ee2dd25ee7cffaf25644b9a7548efea70d6e240bf9bc","JF102186","2021-12-30T15:40:00.000","2","DRIVER","2","1193013",,"FORD","ECONOLINE 100","AZ","2012","UNKNOWN","TRUCK - SINGLE UNIT","OTHER","W","PASSING/OVERTAKING",,,"3",,,,,,,,,,,,"Y",,,,,,"FRONT-LEFT",,,,,,,,,,,,,,,,,,,,,,,,,,,,,,,,,
"1254886","449651f829ff02294a1c3ffb2758872bc6ddb938b1e7be413cc88f1400b23455c0a6630988ef572d1a5cc240c8e7584b53f4cb8e8de5221845aa20cc984013a5","JE493099","2021-12-30T15:35:00.000","1","DRIVER",,"1191168",,"NISSAN","SENTRA","NJ",,"OTHER","PASSENGER","UNKNOWN/NA","S","STRAIGHT AHEAD",,,"1",,,,,,,,,,,,,,,,"Y",,"OTHER",,,,,,,,,,,,,,,,,,,,,,,,,,,,,,,,,
"1254887","449651f829ff02294a1c3ffb2758872bc6ddb938b1e7be413cc88f1400b23455c0a6630988ef572d1a5cc240c8e7584b53f4cb8e8de5221845aa20cc984013a5","JE493099","2021-12-30T15:35:00.000","2","DRIVER",,"1191173",,"MAZDA","MX-5","IL","1999","NONE","PASSENGER","PERSONAL","S","STRAIGHT AHEAD",,,"1",,,,,,,,,,"Y",,,,,,,,"REAR-LEFT",,,,,,,,,,,,,,,,,,,,,,,,,,,,,,,,,
"1254888","b0febed355c88f6bfafc604589be5f354fab81468a0fd96bffa2ef21be969a10075cafdb2a3e3bf9a7aa99dd343adb2ec48204c54b75a5abc4e0336ce2a70bf5","JE493119","2021-12-30T15:30:00.000","1","DRIVER",,"1191179",,"SUBARU","OTHER (EXPLAIN IN NARRATIVE)","IL","2014","UNKNOWN","SPORT UTILITY VEHICLE (SUV)","PERSONAL","S","STRAIGHT AHEAD",,,"1",,,,,,,,,,,,,,,,"Y",,"OTHER",,,,,,,,,,,,,,,,,,,,,,,,,,,,,,,,,
"1254889","b0febed355c88f6bfafc604589be5f354fab81468a0fd96bffa2ef21be969a10075cafdb2a3e3bf9a7aa99dd343adb2ec48204c54b75a5abc4e0336ce2a70bf5","JE493119","2021-12-30T15:30:00.000","2","DRIVER",,"1191186",,"MINI","HARDTOP 4 DOOR","IL","2020","NONE","PASSENGER","PERSONAL","S","SLOW/STOP IN TRAFFIC",,,"1",,,,,,,,,,"Y",,,,,,,,"REAR-LEFT",,,,,,,,,,,,,,,,,,,,,,,,,,,,,,,,,
"1254912","ee4ca9e42d58950dadb8c6fac9274a9ba47ca56d83c7fa8a5c9ba5749172965262f96fb98f2aafe546e7f232dcd64d0d3d63a1ed3e2d6e635010e1a180dc83c9","JE493162","2021-12-30T15:30:00.000","1","DRIVER",,"1191191",,"TOYOTA","OTHER (EXPLAIN IN NARRATIVE)",,,"UNKNOWN","UNKNOWN/NA","UNKNOWN/NA","UNKNOWN","UNKNOWN/NA",,,"1",,,,,,,,,,,,,,,,,"Y","UNKNOWN",,,,,,,,,,,,,,,,,,,,,,,,,,,,,,,,,
"1254913","ee4ca9e42d58950dadb8c6fac9274a9ba47ca56d83c7fa8a5c9ba5749172965262f96fb98f2aafe546e7f232dcd64d0d3d63a1ed3e2d6e635010e1a180dc83c9","JE493162","2021-12-30T15:30:00.000","2","PARKED",,"1191194",,"DODGE","CHALLENGER","IL","2018","NONE","PASSENGER","NOT IN USE","UNKNOWN","PARKED",,,"0",,,,,"Y","Y",,,,,,,,,,,,"FRONT",,,,,,,,,,,,,,,,,,,,,,,,,,,,,,,,,
"1254920","7fb88c2237f9c01ec4e352a84256716cf5a212009af736a14e9cb4e1a56ba9710869896c6cfd834ba0a0de27c8265d51b63a7ab04850bedd47d807010182af5e","JE493109","2021-12-30T15:20:00.000","1","DRIVER",,"1191205",,"TOYOTA","CAMRY","IL","2012","UNKNOWN","PASSENGER","PERSONAL","E","STRAIGHT AHEAD","Y",,"1",,"private",,,"Y",,,,,,,,,,"Y","Y",,"OTHER",,,,,,,,,,,,,,,,,,,,,,,,,,,,,,,,,
"1254921","7fb88c2237f9c01ec4e352a84256716cf5a212009af736a14e9cb4e1a56ba9710869896c6cfd834ba0a0de27c8265d51b63a7ab04850bedd47d807010182af5e","JE493109","2021-12-30T15:20:00.000","2","DRIVER","2","1191211",,"CHEVROLET","MALIBU","IL","2010","UNKNOWN","PASSENGER","PERSONAL","E","TURNING RIGHT","Y",,"3",,"private tow",,,"Y",,,,"Y","Y","Y",,,,"Y","Y",,"REAR-LEFT",,,,,,,,,,,,,,,,,,,,,,,,,,,,,,,,,
"1257125","180fdac61c69703f0f1463a165f687bded50b4f39a9f0eb3ee2a1917bccb0ad4a6aa1f076663a3a6bffb43608e985c2fe6301cf55177cdb17100e2a43fb280fb","JF102573","2021-12-30T15:19:00.000","1","DRIVER",,"1193278",,"BMW","OTHER (EXPLAIN IN NARRATIVE)","IL","2006","UNKNOWN","PASSENGER","UNKNOWN/NA","W","ENTER FROM DRIVE/ALLEY",,,"1",,,,,"N",,,,,,,,,"Y","Y","N",,"UNDER CARRIAGE",,,,,,,,,,,,,,,,,,,,,,,,,,,,,,,,,
"1257126","180fdac61c69703f0f1463a165f687bded50b4f39a9f0eb3ee2a1917bccb0ad4a6aa1f076663a3a6bffb43608e985c2fe6301cf55177cdb17100e2a43fb280fb","JF102573","2021-12-30T15:19:00.000","2","DRIVER",,"1193283",,"HONDA","CIVIC","IL","2009","NONE","PASSENGER","PERSONAL","N","STRAIGHT AHEAD",,,"1",,,,,"Y",,,,,,,,,,"Y","Y",,"OTHER",,,,,,,,,,,,,,,,,,,,,,,,,,,,,,,,,
"1254876","b9859b734764371abc988a130d35014a917904300741ac4948bb56626e8d3d3a29091d65a48d9ce86ed987dcaf38a1e4db300cc31f1fb6f9d5c0abf3b482ceca","JE493079","2021-12-30T15:18:00.000","1","DRIVER",,"1191162",,"DODGE","RAM 3500 PU","IL","2004","UNKNOWN","PICKUP","PERSONAL","N","TURNING RIGHT",,,"1",,,,,,,,,"Y",,,,,"Y",,,,"REAR-RIGHT",,,,,,,,,,,,,,,,,,,,,,,,,,,,,,,,,
"1254877","b9859b734764371abc988a130d35014a917904300741ac4948bb56626e8d3d3a29091d65a48d9ce86ed987dcaf38a1e4db300cc31f1fb6f9d5c0abf3b482ceca","JE493079","2021-12-30T15:18:00.000","2","DRIVER",,"1191169",,"JEEP","CHEROKEE","IL","2016","UNKNOWN","PASSENGER","PERSONAL","N","TURNING RIGHT",,,"1",,,,,"Y","Y",,,,,,,,,,"Y",,"FRONT",,,,,,,,,,,,,,,,,,,,,,,,,,,,,,,,,
"1254970","36cb67c434a14b824ab00a13d2aed103f47bb939c2b775dfe419ec6004d49d95f4cceda273943dd3be389b720777b25c2d82c3cda69893a7b9666800f72fcb97","JE493203","2021-12-30T15:15:00.000","1","DRIVER",,"1191253",,"HONDA","CR-V","IL","2017","NONE","PASSENGER","PERSONAL","W","BACKING",,,"1",,,,,,,,,,"Y",,,,,,,,"REAR-LEFT",,,,,,,,,,,,,,,,,,,,,,,,,,,,,,,,,
"1254971","36cb67c434a14b824ab00a13d2aed103f47bb939c2b775dfe419ec6004d49d95f4cceda273943dd3be389b720777b25c2d82c3cda69893a7b9666800f72fcb97","JE493203","2021-12-30T15:15:00.000","2","DRIVER",,"1191266",,"LEXUS","NX","IL","2016","NONE","PASSENGER","PERSONAL","E","SLOW/STOP IN TRAFFIC",,,"1",,,,,,,,,,,,,,,,"Y",,"OTHER",,,,,,,,,,,,,,,,,,,,,,,,,,,,,,,,,
"1257923","b44095861715e59c9c1e5b8a2ff53afb5685f3564e8c7220e1ce20671caf471104fa975d7489aa80b4f4bf379836f5313d6e1a606d9dbaaddd8547b4d8d17ed3","JF104089","2021-12-30T15:06:00.000","1","DRIVER",,"1194038",,"FORD","OTHER (EXPLAIN IN NARRATIVE)","IL","2019","UNKNOWN","VAN/MINI-VAN","UNKNOWN/NA","W","STRAIGHT AHEAD",,,"1",,,,,,,,,,,,,,,,"Y",,"OTHER",,,,,,,,,,,,,,,,,,,,,,,,,,,,,,,,,
"1257924","b44095861715e59c9c1e5b8a2ff53afb5685f3564e8c7220e1ce20671caf471104fa975d7489aa80b4f4bf379836f5313d6e1a606d9dbaaddd8547b4d8d17ed3","JF104089","2021-12-30T15:06:00.000","2","DRIVER",,"1194042",,"KIA","TELLURIDE","IL","2020","NONE","SPORT UTILITY VEHICLE (SUV)","PERSONAL","W","SLOW/STOP IN TRAFFIC",,,"1",,,,,,,,,,"Y",,,,,,,,"REAR-LEFT",,,,,,,,,,,,,,,,,,,,,,,,,,,,,,,,,
"1254892","e2ba262e938b60a961a27caba2b10af128edd8c432cff5fd7e995720df4f5c29f0692496d73d395f2600f774134b65c20a06b44829e80441a873212c898b3e8c","JE493121","2021-12-30T15:00:00.000","1","DRIVER",,"1191176",,"UNKNOWN","OTHER (EXPLAIN IN NARRATIVE)",,,"UNKNOWN","UNKNOWN/NA","UNKNOWN/NA","UNKNOWN","UNKNOWN/NA",,,"1",,,,,,,,,,,,,,,,,"Y","UNKNOWN",,,,,,,,,,,,,,,,,,,,,,,,,,,,,,,,,
"1254893","e2ba262e938b60a961a27caba2b10af128edd8c432cff5fd7e995720df4f5c29f0692496d73d395f2600f774134b65c20a06b44829e80441a873212c898b3e8c","JE493121","2021-12-30T15:00:00.000","2","PARKED",,"1191185",,"LINCOLN","MKZ","IL","2017","UNKNOWN","PASSENGER","PERSONAL","UNKNOWN","PARKED",,,"0",,,,,,,,,,,,,,"Y","Y",,,"TOTAL (ALL AREAS)",,,,,,,,,,,,,,,,,,,,,,,,,,,,,,,,,
"1254869","184e74e0ba49d48315f3d83bdc2e5d49e16e94b1b654125097b299823c78555d5e5a2c9e9221929c0b833500bf3d951ae9977863fec02508b947573251deb676","JE493051","2021-12-30T14:51:00.000","1","DRIVER","1","1191156",,"TOYOTA","PRIUS","IL","2014","NONE","PASSENGER","PERSONAL","N","STRAIGHT AHEAD","Y",,"2",,"PRIVATE INSURANCE","UNKNOWN",,"N",,,,,"N",,,,,"Y","Y",,"TOTAL (ALL AREAS)",,,,,,,,,,,,,,,,,,,,,,,,,,,,,,,,,
"1254870","184e74e0ba49d48315f3d83bdc2e5d49e16e94b1b654125097b299823c78555d5e5a2c9e9221929c0b833500bf3d951ae9977863fec02508b947573251deb676","JE493051","2021-12-30T14:51:00.000","2","DRIVER",,"1191164",,"TESLA","MODEL 3","IL","2018","NONE","PASSENGER","PERSONAL","N","STRAIGHT AHEAD","Y",,"1",,"PRIVATE INSURANCE","UNKNOWN",,,,,,"Y","Y","Y",,,,,,,"REAR-LEFT",,,,,,,,,,,,,,,,,,,,,,,,,,,,,,,,,
"1254898","1f3386813c4d4b0a4a9bf63150f1a99b5be54a7686269c09770e17de5bf393b246f00304752acc4b5390da61df21148a97621655fb9be119de09e372c8453cc7","JE493067","2021-12-30T14:45:00.000","1","DRIVER",,"1191190",,"FORD","ESCAPE","IL","2019","NONE","PASSENGER","PERSONAL","N","MERGING","Y",,"1",,"PERSONAL","UNKNOWN",,,,,,,,,,"N","Y","Y",,,"TOTAL (ALL AREAS)",,,,,,,,,,,,,,,,,,,,,,,,,,,,,,,,,
"1254899","1f3386813c4d4b0a4a9bf63150f1a99b5be54a7686269c09770e17de5bf393b246f00304752acc4b5390da61df21148a97621655fb9be119de09e372c8453cc7","JE493067","2021-12-30T14:45:00.000","2","DRIVER",,"1191202",,"DODGE","DURANGO","IL","2003","NONE","PASSENGER","PERSONAL","N","STRAIGHT AHEAD",,,"1",,,,,,"Y","Y","Y",,,"Y","Y",,,,"Y",,"SIDE-LEFT",,,,,,,,,,,,,,,,,,,,,,,,,,,,,,,,,
"1254940","e5e9b519b7d911f0c3e4826dd12f75e0d4a6809c835c80bce1d785cf5e6f12c631e65a3aa0f1e81068320be85f8d9585b31674afe04475b9696bd471b485c93a","JE493198","2021-12-30T14:45:00.000","1","DRIVER",,"1191225",,"CHEVROLET","BOLT","MI","2020","NONE","PASSENGER","PERSONAL","W","CHANGING LANES",,,"1",,,,,"Y",,,,,,,,,,,,,"FRONT",,,,,,,,,,,,,,,,,,,,,,,,,,,,,,,,,
"1254941","e5e9b519b7d911f0c3e4826dd12f75e0d4a6809c835c80bce1d785cf5e6f12c631e65a3aa0f1e81068320be85f8d9585b31674afe04475b9696bd471b485c93a","JE493198","2021-12-30T14:45:00.000","2","DRIVER","1","1191227",,"TOYOTA","RAV4","IL","2021","NONE","SPORT UTILITY VEHICLE (SUV)","PERSONAL","W","SLOW/STOP IN TRAFFIC",,,"2",,,,,,,,,,,"Y",,,,,,,"SIDE-LEFT",,,,,,,,,,,,,,,,,,,,,,,,,,,,,,,,,
"1254918","5ef4164b98d014aeec33191387e938cff3692e4a3b1f2adefe8b07aca98e23e571aa6f244391ae6639a6389d9cf977bc7ada04bb6befeec0c51dadc7eb8cb9d9","JE493014","2021-12-30T14:30:00.000","1","DRIVER",,"1191206",,"NISSAN","SENTRA","IL","2016","NONE","PASSENGER","PERSONAL","W","STRAIGHT AHEAD","Y",,"1",,"own insurance","unknown",,"Y",,,,,,,,,,,"Y",,"FRONT",,,,,,,,,,,,,,,,,,,,,,,,,,,,,,,,,
"1254919","5ef4164b98d014aeec33191387e938cff3692e4a3b1f2adefe8b07aca98e23e571aa6f244391ae6639a6389d9cf977bc7ada04bb6befeec0c51dadc7eb8cb9d9","JE493014","2021-12-30T14:30:00.000","2","DRIVER",,"1191219",,"DODGE","JOURNEY","IL","2017","NONE","PASSENGER","PERSONAL","S","STRAIGHT AHEAD",,,"1",,,,,,,,,,,,,,,"Y","Y",,"OTHER",,,,,,,,,,,,,,,,,,,,,,,,,,,,,,,,,
"1254848","8bc860ee70379f71463a180061126f59f85c821602b059e39079ea4419ba5571dfdf7121631a80208016774af72bf1cb5f5e893ebe658f36b02f571b778fdf97","JE493021","2021-12-30T14:30:00.000","1","DRIVERLESS",,"1191139",,"DODGE","DURANGO",,"2018","NONE","PASSENGER","PERSONAL","UNKNOWN","BACKING",,,"0",,,,,,,,,"Y","Y","Y",,,,,,,"REAR-LEFT",,,,,,,,,,,,,,,,,,,,,,,,,,,,,,,,,
"1254849","8bc860ee70379f71463a180061126f59f85c821602b059e39079ea4419ba5571dfdf7121631a80208016774af72bf1cb5f5e893ebe658f36b02f571b778fdf97","JE493021","2021-12-30T14:30:00.000","2","PARKED",,"1191140",,"NISSAN","SENTRA",,"2014","NONE","PASSENGER","PERSONAL","UNKNOWN","PARKED",,,"0",,,,,,,,,"Y","Y","Y",,,,,,,"REAR-LEFT",,,,,,,,,,,,,,,,,,,,,,,,,,,,,,,,,
"1254938","8475fc0426a2e02d9723a791827792fe47cbba3a9edf25aeba8f35d2603ec8199c755884733e329158544a402a11bbeb4368b0911a925155ec8965f2e57b2098","JE493197","2021-12-30T14:25:00.000","1","DRIVER","1","1191226",,"FORD","OTHER (EXPLAIN IN NARRATIVE)","IL","2020","UNKNOWN","BUS OVER 15 PASS.","UNKNOWN/NA","S","STRAIGHT AHEAD",,,"2",,,,"Y",,,,,,,,,,,,,,"NONE",,,,,,,,,,,,,,,,,,,,,,,,,,,,,,,,,
"1254939","8475fc0426a2e02d9723a791827792fe47cbba3a9edf25aeba8f35d2603ec8199c755884733e329158544a402a11bbeb4368b0911a925155ec8965f2e57b2098","JE493197","2021-12-30T14:25:00.000","2","PARKED",,"1191230",,"SUBARU","FORESTER","IL",,"UNKNOWN","UNKNOWN/NA","UNKNOWN/NA","S","PARKED IN TRAFFIC LANE",,,"0",,,,,,,,,,,,,,,"Y",,,"TOTAL (ALL AREAS)",,,,,,,,,,,,,,,,,,,,,,,,,,,,,,,,,
"1254844","d3accda38e6e653844fec0aeaca60e7565b7d7ca351d69a5b5c9552ad82f5394d53f56851c6539092e711aff1b7d5daef712ed32eea10710e2f481e3b68044c5","JE493011","2021-12-30T14:20:00.000","1","DRIVER",,"1191132",,"HYUNDAI","KONA",,"2019","NONE","PASSENGER","PERSONAL","UNKNOWN","TURNING LEFT",,,"1",,,,,,,,,,,,,,"Y","Y","Y",,"TOTAL (ALL AREAS)",,,,,,,,,,,,,,,,,,,,,,,,,,,,,,,,,
"1254845","d3accda38e6e653844fec0aeaca60e7565b7d7ca351d69a5b5c9552ad82f5394d53f56851c6539092e711aff1b7d5daef712ed32eea10710e2f481e3b68044c5","JE493011","2021-12-30T14:20:00.000","2","DRIVER",,"1191135",,"PONTIAC","G8",,"2008","NONE","PASSENGER","PERSONAL","UNKNOWN","STRAIGHT AHEAD",,,"1",,,,,"Y","Y",,,,,,,,,,"Y",,"FRONT",,,,,,,,,,,,,,,,,,,,,,,,,,,,,,,,,
"1254910","0edbe853b412c84f68e74ae66fa8da88cdb3b0c14774d3f57376612411c8e7f95e1346bd1e8cc5fced2f13c4437b0bc119397ad548b530ec141434033840575f","JE493163","2021-12-30T14:00:00.000","1","DRIVER",,"1191188",,"UNKNOWN","MOTORIZED",,,"UNKNOWN","UNKNOWN/NA","UNKNOWN/NA","UNKNOWN","UNKNOWN/NA",,,"1",,,,,,,,,,,,,,,,,"Y","UNKNOWN",,,,,,,,,,,,,,,,,,,,,,,,,,,,,,,,,
"1254911","0edbe853b412c84f68e74ae66fa8da88cdb3b0c14774d3f57376612411c8e7f95e1346bd1e8cc5fced2f13c4437b0bc119397ad548b530ec141434033840575f","JE493163","2021-12-30T14:00:00.000","2","PARKED",,"1191189",,"JEEP","PATRIOT",,"2010","NONE","SPORT UTILITY VEHICLE (SUV)","NOT IN USE","UNKNOWN","PARKED",,,"0",,,,,"Y",,,,,,,,,,"Y","Y",,"OTHER",,,,,,,,,,,,,,,,,,,,,,,,,,,,,,,,,
"1254852","3a45b18d31470425dbb45d1ba590199c56b54498e014ec4d96d7b399122f0b59bc362a5b2b9c8ffc2db327f26fda60f3558693f42ed42fcdfd8e639a93ab55b8","JE493026","2021-12-30T14:00:00.000","1","DRIVER",,"1191143",,"UNKNOWN","OTHER (EXPLAIN IN NARRATIVE)","IL",,"UNKNOWN","UNKNOWN/NA","UNKNOWN/NA","UNKNOWN","UNKNOWN/NA",,,"1",,,,,,,,,,,,,,,,,"Y","UNKNOWN",,,,,,,,,,,,,,,,,,,,,,,,,,,,,,,,,
"1254853","3a45b18d31470425dbb45d1ba590199c56b54498e014ec4d96d7b399122f0b59bc362a5b2b9c8ffc2db327f26fda60f3558693f42ed42fcdfd8e639a93ab55b8","JE493026","2021-12-30T14:00:00.000","2","PARKED",,"1191145",,"AUDI","Q5","IL","2019","NONE","PASSENGER","PERSONAL","UNKNOWN","PARKED",,,"0",,,,,,,,,,,"Y","Y","Y",,,,,"ROOF",,,,,,,,,,,,,,,,,,,,,,,,,,,,,,,,,
"1273121","74008b9635334aab0531f29e946deda9a75baedd9c3724b4e1675eb1bdfb69af49da2faf4e51b07728a5d83f8afe7c2b0a796de999dc45f163f80e93546ccf30","JE493269","2021-12-30T14:00:00.000","1","DRIVER",,"1208645",,"CADILLAC","CTS","IN","2008","UNKNOWN","SPORT UTILITY VEHICLE (SUV)","PERSONAL","W","STRAIGHT AHEAD",,,"1",,,,,,,,,,,,,,"Y","Y",,,"TOTAL (ALL AREAS)",,,,,,,,,,,,,,,,,,,,,,,,,,,,,,,,,
"1273122","74008b9635334aab0531f29e946deda9a75baedd9c3724b4e1675eb1bdfb69af49da2faf4e51b07728a5d83f8afe7c2b0a796de999dc45f163f80e93546ccf30","JE493269","2021-12-30T14:00:00.000","2","DRIVER",,"1208646",,"MAZDA","TRIBUTE","IL","2004","NONE","SPORT UTILITY VEHICLE (SUV)","PERSONAL","S","TURNING LEFT",,,"1",,,,,,,,"Y",,,,,,,,,,"REAR-RIGHT",,,,,,,,,,,,,,,,,,,,,,,,,,,,,,,,,
"1254904","fb81c16dc79781ba60104f0895f4e2c8a21aa6e393eba34e1fc1dc69f6a572fbf0b492483e3ea878b7c1e025bcf301af694843c912a22254ae1e8060695a5072","JE493084","2021-12-30T14:00:00.000","1","DRIVER","1","1191199",,"HONDA","ACCORD","IL","2016","UNKNOWN","PASSENGER","PERSONAL","W","STRAIGHT AHEAD","Y",,"2",,,,,"Y",,,,,,,,,,"Y","Y",,"OTHER",,,,,,,,,,,,,,,,,,,,,,,,,,,,,,,,,
"1254905","fb81c16dc79781ba60104f0895f4e2c8a21aa6e393eba34e1fc1dc69f6a572fbf0b492483e3ea878b7c1e025bcf301af694843c912a22254ae1e8060695a5072","JE493084","2021-12-30T14:00:00.000","2","DRIVER",,"1191210",,"BMW","535 SERIES","IL","2010","UNKNOWN","PASSENGER","PERSONAL","S","STRAIGHT AHEAD","Y",,"1",,,,,"Y","Y",,,,,,"Y","Y",,,"Y",,"FRONT-LEFT",,,,,,,,,,,,,,,,,,,,,,,,,,,,,,,,,
"1254906","fb81c16dc79781ba60104f0895f4e2c8a21aa6e393eba34e1fc1dc69f6a572fbf0b492483e3ea878b7c1e025bcf301af694843c912a22254ae1e8060695a5072","JE493084","2021-12-30T14:00:00.000","3","PARKED",,"1191214",,"KIA","AMANTI","IL","2006","UNKNOWN","PASSENGER","PERSONAL","S","PARKED",,,"0",,,,,"Y","Y",,,,,,,,,,,,"FRONT",,,,,,,,,,,,,,,,,,,,,,,,,,,,,,,,,
"1256738","0897a3ecc55cdfd759cacb25ffe92342e6d2a65a36912169cca4e01815da68e2c3fc7978a0d3f4d69e4db6e39c7a88d4da478c269e2fd71d1030bbaeecd1120b","JF102001","2021-12-30T13:45:00.000","1","DRIVER",,"1192912",,"LEXUS","OTHER (EXPLAIN IN NARRATIVE)","IL","2005","UNKNOWN","PASSENGER","PERSONAL","W","STRAIGHT AHEAD",,,"1",,,,,,"Y","Y","Y",,,,,,,,,,"SIDE-RIGHT",,,,,,,,,,,,,,,,,,,,,,,,,,,,,,,,,
"1256739","0897a3ecc55cdfd759cacb25ffe92342e6d2a65a36912169cca4e01815da68e2c3fc7978a0d3f4d69e4db6e39c7a88d4da478c269e2fd71d1030bbaeecd1120b","JF102001","2021-12-30T13:45:00.000","2","DRIVER",,"1192922",,"CHRYSLER","TOWN & COUNTRY","IL","2006","UNKNOWN","VAN/MINI-VAN","PERSONAL","W","STRAIGHT AHEAD",,,"1",,,,,,,,,,,,"Y","Y","Y",,,,"ROOF",,,,,,,,,,,,,,,,,,,,,,,,,,,,,,,,,
"1254867","397dafac8379700ccd15ef721acdf53b679b0ac2b3e065fdd2dfb6bd743f5728daab671ec8e36a17f4700b4f38489315d9fd61ea8dca7fa90f7192080e86a0cf","JE493077","2021-12-30T13:45:00.000","1","DRIVER",,"1191155",,"TOYOTA","CAMRY","IL","2012","NONE","PASSENGER","PERSONAL","SW","TURNING RIGHT",,,"1",,,,,,,,,,,,,,,"Y",,,"TOTAL (ALL AREAS)",,,,,,,,,,,,,,,,,,,,,,,,,,,,,,,,,
"1254868","397dafac8379700ccd15ef721acdf53b679b0ac2b3e065fdd2dfb6bd743f5728daab671ec8e36a17f4700b4f38489315d9fd61ea8dca7fa90f7192080e86a0cf","JE493077","2021-12-30T13:45:00.000","2","DRIVER",,"1191158",,"CHEVROLET","CRUZE","IL","2012","NONE","PASSENGER","PERSONAL","W","STRAIGHT AHEAD",,,"1",,,,,,,,"Y","Y",,,,,,,,,"REAR-RIGHT",,,,,,,,,,,,,,,,,,,,,,,,,,,,,,,,,
"1254864","54dc712b174ecba796ef2cf0749c88dd37861a252da99a78f9fbde2d709c65537a468be4249faf0c1fa9f0bd3a52c5723005a0b762f7f7b983af422fe1519829","JE493025","2021-12-30T13:45:00.000","1","DRIVER","1","1191153",,"ISUZU","TRUCK","IL","2004","UNKNOWN","TRUCK - SINGLE UNIT","OTHER","E","STRAIGHT AHEAD",,,"2",,,,,,,,,,,,,,"Y","N",,,"UNDER CARRIAGE",,,,,,,,,,,,,,,,,,,,,,,,,,,,,,,,,
"1254842","f90745899c40f7ffee48a3acdbd7fd93c254df5d0be41f58de3fcaf6504b6450ff2ed62f026bd35f75606997016f448b61a78048c785ca819badebaece2b679b","JE492991","2021-12-30T13:35:00.000","1","DRIVER",,"1191133",,"CHEVROLET","MALIBU","IL","2016","NONE","PASSENGER","UNKNOWN/NA","W","STRAIGHT AHEAD",,,"1",,,,,"Y",,,,,,,,,,"Y","Y",,"OTHER",,,,,,,,,,,,,,,,,,,,,,,,,,,,,,,,,
"1254843","f90745899c40f7ffee48a3acdbd7fd93c254df5d0be41f58de3fcaf6504b6450ff2ed62f026bd35f75606997016f448b61a78048c785ca819badebaece2b679b","JE492991","2021-12-30T13:35:00.000","2","DRIVER",,"1191138",,"HYUNDAI","ELANTRA","IL","2017","NONE","PASSENGER","OTHER","W","SLOW/STOP IN TRAFFIC",,,"1",,,,,,,,,"Y","Y","Y",,,,,,,"REAR-LEFT",,,,,,,,,,,,,,,,,,,,,,,,,,,,,,,,,