"crash_unit_id","crash_record_id","rd_no","crash_date","unit_no","unit_type","num_passengers","vehicle_id","cmrc_veh_i","make","model","lic_plate_state","vehicle_year","vehicle_defect","vehicle_type","vehicle_use","travel_direction","maneuver","towed_i","fire_i","occupant_cnt","exceed_speed_limit_i","towed_by","towed_to","area_00_i","area_01_i","area_02_i","area_03_i","area_04_i","area_05_i","area_06_i","area_07_i","area_08_i","area_09_i","area_10_i","area_11_i","area_12_i","area_99_i","first_contact_point","cmv_id","usdot_no","ccmc_no","ilcc_no","commercial_src","gvwr","carrier_name","carrier_state","carrier_city","hazmat_placards_i","hazmat_name","un_no","hazmat_present_i","hazmat_report_i","hazmat_report_no","mcs_report_i","mcs_report_no","hazmat_vio_cause_crash_i","mcs_vio_cause_crash_i","idot_permit_no","wide_load_i","trailer1_width","trailer2_width","trailer1_length","trailer2_length","total_vehicle_length","axle_cnt","vehicle_config","cargo_body_type","load_type","hazmat_out_of_service_i","mcs_out_of_service_i","hazmat_class"
"1254727","953d42dfe6a8aeb1805de137b04ba9a36840c3db7eafa44d1a24371f3cfc94223a5c43ab3b07fe515f2aad0a8288a420c891be9460bfaa4c94f0cc6149059fdd","JE492741","2021-12-30T08:00:00.000","1","DRIVER",,"1191028",,"UNKNOWN","OTHER (EXPLAIN IN NARRATIVE)","XX",,"UNKNOWN","UNKNOWN/NA","UNKNOWN/NA","UNKNOWN","UNKNOWN/NA",,,"1",,,,,,,,,,,,,,,,,,"UNKNOWN",,,,,,,,,,,,,,,,,,,,,,,,,,,,,,,,,
"1254728","953d42dfe6a8aeb1805de137b04ba9a36840c3db7eafa44d1a24371f3cfc94223a5c43ab3b07fe515f2aad0a8288a420c891be9460bfaa4c94f0cc6149059fdd","JE492741","2021-12-30T08:00:00.000","2","PARKED",,"1191030",,"JEEP","GRAND CHEROKEE","IL","2007","UNKNOWN","SPORT UTILITY VEHICLE (SUV)","PERSONAL","UNKNOWN","PARKED",,,"0",,,,,,,,,"Y","Y",,,,,,,,"REAR",,,,,,,,,,,,,,,,,,,,,,,,,,,,,,,,,
"1254703","b781be120e6ab754708cdcdb52b41c9964a316490fc3e169943423833bb1013807f3c7f887b63f3e72cc9acc84ab1a5e903a44ce445c4693808facd8c686e34b","JE492626","2021-12-30T07:56:00.000","1","DRIVER",,"1191002",,"CHEVROLET","OTHER (EXPLAIN IN NARRATIVE)","IL","2019","UNKNOWN","PASSENGER","PERSONAL","S","STRAIGHT AHEAD",,,"1",,,,,"Y",,,,,,,,,,"Y","Y",,"OTHER",,,,,,,,,,,,,,,,,,,,,,,,,,,,,,,,,
"1254704","b781be120e6ab754708cdcdb52b41c9964a316490fc3e169943423833bb1013807f3c7f887b63f3e72cc9acc84ab1a5e903a44ce445c4693808facd8c686e34b","JE492626","2021-12-30T07:56:00.000","2","DRIVER",,"1191006",,"CHEVROLET","OTHER (EXPLAIN IN NARRATIVE)","IL","2018","UNKNOWN","PASSENGER","PERSONAL","W","STRAIGHT AHEAD",,,"1",,,,,,"Y","Y","Y",,,,,,,,,,"FRONT-RIGHT",,,,,,,,,,,,,,,,,,,,,,,,,,,,,,,,,
"1254701","46ca1ba9b7aee7aba521d189e17ca95b21bfeaf18948b3eabb53755860da4777f4cd6e8465038fd3d054c3a210ec69dd14b8ecf72e8d43a3f7915c6de97aa961","JE492639","2021-12-30T07:46:00.000","1","DRIVER",,"1191016","Y","FORD","OTHER (EXPLAIN IN NARRATIVE)","IL","2018","UNKNOWN","UNKNOWN/NA","UNKNOWN/NA","NW","UNKNOWN/NA",,,"1",,,,"Y",,,,,,,,,,,,,,"REAR-LEFT","13729",,,,"DRIVER","3","COMMON WEALTH EDISON","IL","VILLA PARK",,,,,,,,,,,,,,,,,,,"UNKNOWN HEAVY TRUCK","OTHER","UNKNOWN",,,
"1254702","46ca1ba9b7aee7aba521d189e17ca95b21bfeaf18948b3eabb53755860da4777f4cd6e8465038fd3d054c3a210ec69dd14b8ecf72e8d43a3f7915c6de97aa961","JE492639","2021-12-30T07:46:00.000","2","DRIVERLESS",,"1191012","N","MERCEDES-BENZ","300 SERIES","IL","2010","UNKNOWN","PASSENGER","PERSONAL","NW","UNKNOWN/NA",,,"0",,,,"N",,,,,,"Y",,,,,,,,"REAR-LEFT",,,,,,,,,,,,,,,,,,,,,,,,,,,,,,,,,
"1254732","d2e1859d65984c6f977852760d9621a6db24a75d5f18b5cbaaf9bb8624f4b496b6e64476161b1cf2d865cc97713ecece7daf215fc992e5a348a3e92465d4ad8f","JE492753","2021-12-30T07:45:00.000","1","DRIVER",,"1191031",,"UNKNOWN","OTHER (EXPLAIN IN NARRATIVE)","IL",,"NONE","TRUCK - SINGLE UNIT","OTHER","UNKNOWN","U-TURN",,,"1",,,,,,,"Y",,,,,,,,,,,"SIDE-RIGHT",,,,,,,,,,,,,,,,,,,,,,,,,,,,,,,,,
"1255200","ef4d100832491def72d9de072e36d654f692f274c491002cac858eaf86e7ae568b8048dfb083a1d952270125baa28abc43089a7d6fa127e9e301bc7b4e731c3a","JE493737","2021-12-30T07:45:00.000","1","DRIVER",,"1191480",,"JEEP","WRANGLER","IL","2007","UNKNOWN","UNKNOWN/NA","UNKNOWN/NA","N","UNKNOWN/NA",,,"1",,,,,,,,,,,,,,,,,"Y","UNKNOWN",,,,,,,,,,,,,,,,,,,,,,,,,,,,,,,,,
"1255201","ef4d100832491def72d9de072e36d654f692f274c491002cac858eaf86e7ae568b8048dfb083a1d952270125baa28abc43089a7d6fa127e9e301bc7b4e731c3a","JE493737","2021-12-30T07:45:00.000","2","DRIVER",,"1191482",,"FORD","FUSION","IL","2017","UNKNOWN","UNKNOWN/NA","UNKNOWN/NA","N","UNKNOWN/NA",,,"1",,,,,,,,,,"Y",,,,,,,,"REAR-LEFT",,,,,,,,,,,,,,,,,,,,,,,,,,,,,,,,,
"1254686","a35466aa3a7e4d6baacc514e20038c5addbd63b3ad7c368917c38764b73b8c614951196092f0fd726197959f14da1c0381749c6ffb9fe361e1508dddd71cee23","JE492634","2021-12-30T07:40:00.000","1","DRIVER",,"1190986",,"HYUNDAI","OTHER (EXPLAIN IN NARRATIVE)","IL","2017","UNKNOWN","SPORT UTILITY VEHICLE (SUV)","UNKNOWN/NA","E","STRAIGHT AHEAD",,,"1",,,,,"Y",,,,,,,,,,"Y","Y",,"OTHER",,,,,,,,,,,,,,,,,,,,,,,,,,,,,,,,,
"1254687","a35466aa3a7e4d6baacc514e20038c5addbd63b3ad7c368917c38764b73b8c614951196092f0fd726197959f14da1c0381749c6ffb9fe361e1508dddd71cee23","JE492634","2021-12-30T07:40:00.000","2","DRIVER","1","1190988",,"FORD","EXPLORER","IL","2014","NONE","SPORT UTILITY VEHICLE (SUV)","PERSONAL","E","SLOW/STOP IN TRAFFIC",,,"2",,,,,,,,,"Y","Y",,,,,,,,"REAR",,,,,,,,,,,,,,,,,,,,,,,,,,,,,,,,,
"1254688","eec7044b93dcffa8e09c98419a96045043096c2826588cacea879f01c6742ad01e1892abd5d613b3bb3b41c9fd32e1a6a9709fed0e81f67b3ed02529fd5acac4","JE492622","2021-12-30T07:35:00.000","1","DRIVER","1","1191003",,"PONTIAC","AZTEK","IL","2006","NONE","SPORT UTILITY VEHICLE (SUV)","PERSONAL","S","STRAIGHT AHEAD",,,"2",,,,,"Y",,,,,,,,,,,"Y",,"FRONT",,,,,,,,,,,,,,,,,,,,,,,,,,,,,,,,,
"1254689","eec7044b93dcffa8e09c98419a96045043096c2826588cacea879f01c6742ad01e1892abd5d613b3bb3b41c9fd32e1a6a9709fed0e81f67b3ed02529fd5acac4","JE492622","2021-12-30T07:35:00.000","2","DRIVER","1","1191008",,"JEEP","WRANGLER","IL","2002","NONE","SPORT UTILITY VEHICLE (SUV)","PERSONAL","SW","STRAIGHT AHEAD",,,"2",,,,,"Y",,,,,,,,,,,"Y",,"FRONT",,,,,,,,,,,,,,,,,,,,,,,,,,,,,,,,,
"1255082","e46f53ab36a5d631d4880fcb5ecc5cd9218f8a63ac41b6768198a8a0453b4d8059de832d91ac91a0ec7351ca6fcef203a833e455cde6880fa264cc3ad372f897","JE493426","2021-12-30T07:00:00.000","1","DRIVER",,"1191359",,"UNKNOWN","OTHER (EXPLAIN IN NARRATIVE)",,,"UNKNOWN","UNKNOWN/NA","UNKNOWN/NA","W","PASSING/OVERTAKING",,,"1",,,,,,,,,,,,,,,,,"Y","UNKNOWN",,,,,,,,,,,,,,,,,,,,,,,,,,,,,,,,,
"1255083","e46f53ab36a5d631d4880fcb5ecc5cd9218f8a63ac41b6768198a8a0453b4d8059de832d91ac91a0ec7351ca6fcef203a833e455cde6880fa264cc3ad372f897","JE493426","2021-12-30T07:00:00.000","2","PARKED",,"1191361",,"HYUNDAI","ELANTRA","IL","2018","NONE","PASSENGER","PERSONAL","W","PARKED",,,"0",,,,,,,,,,"Y","Y",,,,,,,"FRONT-LEFT",,,,,,,,,,,,,,,,,,,,,,,,,,,,,,,,,
"1254680","410f36ddc9f193a4d6f640342de7077e745a2d88ac77568848a176fe0693ff2c3524daf2b013c3694dfecaa32a4f8dd0ea257ceaebf8126870e554f7793e9648","JE492619","2021-12-30T06:55:00.000","1","DRIVER",,"1190981",,"VOLKSWAGEN","PASSAT","IL","2015","UNKNOWN","PASSENGER","PERSONAL","W","ENTER FROM DRIVE/ALLEY",,,"1",,,,,"Y",,,,,,,,,,,"Y",,"FRONT",,,,,,,,,,,,,,,,,,,,,,,,,,,,,,,,,
"1254681","410f36ddc9f193a4d6f640342de7077e745a2d88ac77568848a176fe0693ff2c3524daf2b013c3694dfecaa32a4f8dd0ea257ceaebf8126870e554f7793e9648","JE492619","2021-12-30T06:55:00.000","2","DRIVER",,"1190982",,"TOYOTA","TACOMA","IL","1995","UNKNOWN","PICKUP","PERSONAL","N","STRAIGHT AHEAD",,,"1",,,,,"Y",,,,,,,,,,,,,"FRONT",,,,,,,,,,,,,,,,,,,,,,,,,,,,,,,,,
"1254678","4a7b673287456f5d50be91104799bda910dd77b1e7cc5bf735f000ef352f633e7ea25613c48d3bf0a0ef19df64d745e2b8e32475e3a448aeeca63e706e2e34b0","JE492607","2021-12-30T06:50:00.000","1","DRIVER",,"1190979",,"JEEP","PATRIOT","IL",,"NONE","SPORT UTILITY VEHICLE (SUV)","PERSONAL","N","TURNING LEFT",,,"1",,,,,"Y",,,,,,,,,,,,,"FRONT",,,,,,,,,,,,,,,,,,,,,,,,,,,,,,,,,
"1254679","4a7b673287456f5d50be91104799bda910dd77b1e7cc5bf735f000ef352f633e7ea25613c48d3bf0a0ef19df64d745e2b8e32475e3a448aeeca63e706e2e34b0","JE492607","2021-12-30T06:50:00.000","2","DRIVER",,"1190977",,"JEEP","WRANGLER","IL","2004","NONE","SPORT UTILITY VEHICLE (SUV)","PERSONAL","S","STRAIGHT AHEAD",,,"1",,,,,,,,,,,,,,,"Y",,,"TOTAL (ALL AREAS)",,,,,,,,,,,,,,,,,,,,,,,,,,,,,,,,,
"1254684","68a1c0f02c0476c56c0dcbc74b0ed4411347e7efa60977951f02b5e4f820579b44602e376ca5b1933d4659d08e1a8ea2cdb53125f196be225db0bcee62de3cd2","JE492610","2021-12-30T06:42:00.000","1","DRIVER",,"1190985",,"HONDA","RIDGELINE","IL","2017","UNKNOWN","PASSENGER","PERSONAL","E","STRAIGHT AHEAD",,,"1",,,,,"Y",,,,,,,,,,,,,"FRONT",,,,,,,,,,,,,,,,,,,,,,,,,,,,,,,,,
"1254685","68a1c0f02c0476c56c0dcbc74b0ed4411347e7efa60977951f02b5e4f820579b44602e376ca5b1933d4659d08e1a8ea2cdb53125f196be225db0bcee62de3cd2","JE492610","2021-12-30T06:42:00.000","2","DRIVER",,"1190987",,"TOYOTA","CAMRY","IL","2015","UNKNOWN","PASSENGER","PERSONAL","S","STRAIGHT AHEAD","Y",,"1",,"DRIVER SECURED PRIVATE TOW",,,,,,"Y","Y",,,,,,,,,"REAR-RIGHT",,,,,,,,,,,,,,,,,,,,,,,,,,,,,,,,,
"1255174","60d634ff761e06b265714fa7434111d524b6898ed0029565554e8faba55df9f787a386cccb7e9efac4a6adf5f23ef6a216f31f19bac0f6333a7ace713f054d6e","JE492635","2021-12-30T06:30:00.000","1","DRIVER",,"1191446",,"UNKNOWN","OTHER (EXPLAIN IN NARRATIVE)",,,"UNKNOWN","PASSENGER","UNKNOWN/NA","W","PASSING/OVERTAKING",,,"1",,,,,,,,,,,"Y","Y","Y","Y","Y",,,"ROOF",,,,,,,,,,,,,,,,,,,,,,,,,,,,,,,,,
"1255175","60d634ff761e06b265714fa7434111d524b6898ed0029565554e8faba55df9f787a386cccb7e9efac4a6adf5f23ef6a216f31f19bac0f6333a7ace713f054d6e","JE492635","2021-12-30T06:30:00.000","2","DRIVER",,"1191448",,"DODGE","CHARGER","IL","2014","NONE","PASSENGER","PERSONAL","E","STRAIGHT AHEAD",,,"1",,,,,,,,,,,"Y","Y","Y",,,,,"FRONT-LEFT",,,,,,,,,,,,,,,,,,,,,,,,,,,,,,,,,
"1254914","7adcbebc8898340b2f3bfb20a839d1ec46b7c283bd43f5918edde540f4383e1e538590604be5ef2486fc77beec2bbc62684b8e8ac6ac235e74dd83afc140c97e","JE493154","2021-12-30T06:30:00.000","1","DRIVER",,"1191198",,"HONDA","OTHER (EXPLAIN IN NARRATIVE)","IL","2012","UNKNOWN","UNKNOWN/NA","UNKNOWN/NA","NW","STRAIGHT AHEAD",,,"1",,,,,,,,,,,,,,,"N","N","Y","OTHER",,,,,,,,,,,,,,,,,,,,,,,,,,,,,,,,,
"1254915","7adcbebc8898340b2f3bfb20a839d1ec46b7c283bd43f5918edde540f4383e1e538590604be5ef2486fc77beec2bbc62684b8e8ac6ac235e74dd83afc140c97e","JE493154","2021-12-30T06:30:00.000","2","DRIVER",,"1191208",,"SUBARU","FORESTER","IL","2020","UNKNOWN","PASSENGER","UNKNOWN/NA","W","SLOW/STOP IN TRAFFIC",,,"1",,,,,,,,,"Y","Y","Y",,,,,,,"REAR-LEFT",,,,,,,,,,,,,,,,,,,,,,,,,,,,,,,,,
"1254674","b5c4d1dd314023666f34e2f69da35f14aca909986ded76be86f1dd543284e186783a5d125b089a556c65f7c8631421b305118360babfa9be1ad3a6630693fd56","JE492596","2021-12-30T06:07:00.000","1","DRIVER",,"1190980",,"NISSAN","MURANO","IL","2016","NONE","SPORT UTILITY VEHICLE (SUV)","UNKNOWN/NA","E","STRAIGHT AHEAD",,,"1",,,,,"Y","Y",,,,,,,,,,,,"FRONT",,,,,,,,,,,,,,,,,,,,,,,,,,,,,,,,,
"1254675","b5c4d1dd314023666f34e2f69da35f14aca909986ded76be86f1dd543284e186783a5d125b089a556c65f7c8631421b305118360babfa9be1ad3a6630693fd56","JE492596","2021-12-30T06:07:00.000","2","DRIVER","1","1190989",,"FORD","VAN","IL","2019","NONE","VAN/MINI-VAN","POLICE","N","STRAIGHT AHEAD",,,"2",,,,,,,,,"Y",,,,,,,,,"REAR",,,,,,,,,,,,,,,,,,,,,,,,,,,,,,,,,
"1254670","61fa0ad66001721251a5c8f926e6dec83643fcb39af4f91a8ff2cd703ea951a13122928df63dfeb037f19ce1c6626b1bc39544b69b94d5cf6288b4f632ec19e1","JE492592","2021-12-30T06:03:00.000","1","DRIVER",,"1190973",,"CADILLAC","ESCALADE","IL","2007","NONE","PASSENGER","PERSONAL","W","TURNING LEFT","Y",,"1",,"owner",,,"Y",,,,,,,,,,"Y","Y",,"OTHER",,,,,,,,,,,,,,,,,,,,,,,,,,,,,,,,,
"1254671","61fa0ad66001721251a5c8f926e6dec83643fcb39af4f91a8ff2cd703ea951a13122928df63dfeb037f19ce1c6626b1bc39544b69b94d5cf6288b4f632ec19e1","JE492592","2021-12-30T06:03:00.000","2","DRIVER",,"1190975",,"CHEVROLET","TRAIL BLAZER","IL","2003","NONE","PASSENGER","PERSONAL","E","STRAIGHT AHEAD",,,"1",,,,,,,,,,,,,,"Y","Y","Y",,"TOTAL (ALL AREAS)",,,,,,,,,,,,,,,,,,,,,,,,,,,,,,,,,
"1255218","056c13e4eaaed1d223716aa74cdae999f603b7edd9f705cbbf46d16700028a2d436c846fda64e4318caf88aa9e3713b0515fccf6ed58ea6385485cab3eb4cd18","JE493797","2021-12-30T06:00:00.000","1","DRIVER",,"1191490",,"UNKNOWN","MOTORIZED",,,"UNKNOWN","UNKNOWN/NA","UNKNOWN/NA","S","UNKNOWN/NA",,,"1",,,,,,,,,,,,,,,,,"Y","OTHER",,,,,,,,,,,,,,,,,,,,,,,,,,,,,,,,,
"1255219","056c13e4eaaed1d223716aa74cdae999f603b7edd9f705cbbf46d16700028a2d436c846fda64e4318caf88aa9e3713b0515fccf6ed58ea6385485cab3eb4cd18","JE493797","2021-12-30T06:00:00.000","2","PARKED",,"1191497",,"KIA","RIO / K2","IL","2017","NONE","PASSENGER","NOT IN USE","N","PARKED","Y",,"0",,,,,"Y",,,,,,,,,,"Y","Y",,"OTHER",,,,,,,,,,,,,,,,,,,,,,,,,,,,,,,,,
"1254669","9c75b21435157d542cb0ba373366106fac89b7011387f2ad40c2e0c3f182a6faf6eb95b21352b29cf9e54ea12fee7622fbc20a4fdf26d1a47d698665bd31f2a5","JE492593","2021-12-30T05:56:00.000","1","DRIVER",,"1190972",,"LEXUS","RX350","IL","2017","NONE","SPORT UTILITY VEHICLE (SUV)","UNKNOWN/NA","SW","TURNING LEFT","Y",,"1",,"private","unknown",,"Y","N",,,,,,,,,"Y","Y",,"FRONT",,,,,,,,,,,,,,,,,,,,,,,,,,,,,,,,,
"1254666","bc4b903698e4ba7a2feefbaac52d472be937eda437e6c54d177f3739ee890a581356c4b1264701ba28520a287f5f37315fc7281ee9e92c3aeb9d643fbfc046ee","JE492588","2021-12-30T05:56:00.000","1","DRIVER","1","1190968",,"HYUNDAI","TUCSON","IL","2009","UNKNOWN","SPORT UTILITY VEHICLE (SUV)","PERSONAL","N","STRAIGHT AHEAD","N",,"2",,,,,"Y",,,"Y","N",,,,,,"N",,,"FRONT",,,,,,,,,,,,,,,,,,,,,,,,,,,,,,,,,
"1254667","bc4b903698e4ba7a2feefbaac52d472be937eda437e6c54d177f3739ee890a581356c4b1264701ba28520a287f5f37315fc7281ee9e92c3aeb9d643fbfc046ee","JE492588","2021-12-30T05:56:00.000","2","PARKED",,"1190970",,"BUICK","LACROSSE","IL","2011","NONE","PASSENGER","PERSONAL","N","PARKED",,,"0",,,,,,,,,,,"Y","Y","Y",,,,,"FRONT-LEFT",,,,,,,,,,,,,,,,,,,,,,,,,,,,,,,,,
"1258141","ffb5f08d192f31b30837e9423ca9934127dc4f90eeca2b471cc136dfcc4795b207326ebd302a722fbab6f3f43d14db2bf7d54282294cf219898d8bd987bde8b5","JF104399","2021-12-30T05:50:00.000","1","DRIVER",,"1194252",,"JEEP","JEEP","IL","2015","NONE","PASSENGER","PERSONAL","NW","TURNING LEFT",,,"1",,,,,,,,,,,,,,,"Y","Y",,"OTHER",,,,,,,,,,,,,,,,,,,,,,,,,,,,,,,,,
"1258142","ffb5f08d192f31b30837e9423ca9934127dc4f90eeca2b471cc136dfcc4795b207326ebd302a722fbab6f3f43d14db2bf7d54282294cf219898d8bd987bde8b5","JF104399","2021-12-30T05:50:00.000","2","DRIVER",,"1194254",,"CHEVROLET","CRUZE","IL","2014","NONE","PASSENGER","PERSONAL","S","STRAIGHT AHEAD",,,"1",,,,,"Y",,,,,,,,,,,,,"FRONT",,,,,,,,,,,,,,,,,,,,,,,,,,,,,,,,,
"1254668","4b431880e6fd47b861c91b329cdf6e06059477bfc10915d4298a978f4a0317234101e3223b4bfc7edbef65a911c45c36283e1d9f21d26edeb2c80bdec252f5fb","JE492579","2021-12-30T05:35:00.000","1","DRIVER",,"1190971",,"HONDA","CIVIC","IL","2008","UNKNOWN","PASSENGER","PERSONAL","N","STRAIGHT AHEAD","Y",,"1",,"STREETS & SANITATION","(ISLAND) IMPOUND",,"Y","Y","Y",,"Y",,,,,,,,,"FRONT",,,,,,,,,,,,,,,,,,,,,,,,,,,,,,,,,
"1255084","e71064655b8538bb1eabb48d6ad965ac054943e2fe8abe812639b0d3e73e6dbf43367b61890bd8115486155490f423c13f716987e9e35d1f13142b5a49c69c7e","JE492567","2021-12-30T05:00:00.000","1","DRIVER",,"1191363",,"HONDA","CR-V","IL","2021","UNKNOWN","PASSENGER","PERSONAL","W","UNKNOWN/NA",,,"1",,,,,,,,,,,,,,,"Y",,,"TOTAL (ALL AREAS)",,,,,,,,,,,,,,,,,,,,,,,,,,,,,,,,,
"1255085","e71064655b8538bb1eabb48d6ad965ac054943e2fe8abe812639b0d3e73e6dbf43367b61890bd8115486155490f423c13f716987e9e35d1f13142b5a49c69c7e","JE492567","2021-12-30T05:00:00.000","2","DRIVER",,"1191366",,"HYUNDAI","SONATA","IL","2016","UNKNOWN","PASSENGER","PERSONAL","W","UNKNOWN/NA",,,"1",,,,,,,,,"Y","Y","Y",,,,,,,"REAR",,,,,,,,,,,,,,,,,,,,,,,,,,,,,,,,,
"1254664","c3cc9f4743c56adbf1ea3ac25c5f3dd1f154eac05949cb7baeaf8e9b5afe3ae103382fbfa45374af81c197e52a45c5699df4ce6e14e9fb2d73394b4460303158","JE492561","2021-12-30T04:48:00.000","1","DRIVER",,"1190967",,"NISSAN","MAXIMA","IL","2001","UNKNOWN","PASSENGER","PERSONAL","N","STRAIGHT AHEAD","Y",,"1",,"unknown","7111 s luella",,"Y","Y",,"Y","Y","Y","Y",,"Y","Y","Y","Y",,"TOTAL (ALL AREAS)",,,,,,,,,,,,,,,,,,,,,,,,,,,,,,,,,
"1254665","c3cc9f4743c56adbf1ea3ac25c5f3dd1f154eac05949cb7baeaf8e9b5afe3ae103382fbfa45374af81c197e52a45c5699df4ce6e14e9fb2d73394b4460303158","JE492561","2021-12-30T04:48:00.000","2","DRIVER",,"1190969",,"JAGUAR","XE","IL","2020","NONE","PASSENGER","PERSONAL","E","STRAIGHT AHEAD","Y",,"1",,"unknown","4021 w 93rd st",,"Y","Y",,,,,,"Y",,,,,,"FRONT",,,,,,,,,,,,,,,,,,,,,,,,,,,,,,,,,
"1254694","af71ccd23243b81b15c383a99972d1541c06de2cb1764888f3e7ca802cb66849da64b40a76c40772631abbef1888fd8180c609a78af5e6365afcb981277678a0","JE492544","2021-12-30T03:30:00.000","1","DRIVER",,"1190992",,"CHEVROLET","OTHER (EXPLAIN IN NARRATIVE)","IL","2006","UNKNOWN","PASSENGER","PERSONAL","W","STRAIGHT AHEAD",,,"1",,,,,"Y",,,,,,,,,,"Y","Y",,"OTHER",,,,,,,,,,,,,,,,,,,,,,,,,,,,,,,,,
"1254695","af71ccd23243b81b15c383a99972d1541c06de2cb1764888f3e7ca802cb66849da64b40a76c40772631abbef1888fd8180c609a78af5e6365afcb981277678a0","JE492544","2021-12-30T03:30:00.000","2","DRIVER",,"1190993",,"HONDA","CIVIC","IL","2015","UNKNOWN","PASSENGER","PERSONAL","S","STRAIGHT AHEAD",,,"1",,,,,"Y",,,,,,,,,,"Y","Y",,"OTHER",,,,,,,,,,,,,,,,,,,,,,,,,,,,,,,,,
"1254696","af71ccd23243b81b15c383a99972d1541c06de2cb1764888f3e7ca802cb66849da64b40a76c40772631abbef1888fd8180c609a78af5e6365afcb981277678a0","JE492544","2021-12-30T03:30:00.000","3","PARKED",,"1190994",,"TOYOTA","PRIUS","NY","2015","UNKNOWN","PASSENGER","PERSONAL","UNKNOWN","PARKED",,,"0",,,,,,,,,,,,,,,"Y",,,"TOTAL (ALL AREAS)",,,,,,,,,,,,,,,,,,,,,,,,,,,,,,,,,
"1254697","af71ccd23243b81b15c383a99972d1541c06de2cb1764888f3e7ca802cb66849da64b40a76c40772631abbef1888fd8180c609a78af5e6365afcb981277678a0","JE492544","2021-12-30T03:30:00.000","4","PARKED",,"1190997",,"NISSAN","PATHFINDER","IL","2014","NONE","SPORT UTILITY VEHICLE (SUV)","NOT IN USE","W","PARKED",,,"0",,,,,,,,,,,"Y",,,,,,,"SIDE-LEFT",,,,,,,,,,,,,,,,,,,,,,,,,,,,,,,,,
"1254698","af71ccd23243b81b15c383a99972d1541c06de2cb1764888f3e7ca802cb66849da64b40a76c40772631abbef1888fd8180c609a78af5e6365afcb981277678a0","JE492544","2021-12-30T03:30:00.000","5","PARKED",,"1190999",,"JEEP","CHEROKEE","IL","2018","NONE","SPORT UTILITY VEHICLE (SUV)","NOT IN USE","W","PARKED",,,"0",,,,,"Y","Y",,,,,,,,"Y","Y",,,"FRONT",,,,,,,,,,,,,,,,,,,,,,,,,,,,,,,,,
"1254657","4d32310b8237e976dfa4c66d50c6408ea62c1d37f9ff167e4f72145c0db438a3a925434f8c18d04b65212f706e59f9547c0c20faddbafa3ce478648079b60066","JE492546","2021-12-30T03:19:00.000","1","DRIVER",,"1190958",,"CHEVROLET","TRUCK","IL",,"UNKNOWN","UNKNOWN/NA","UNKNOWN/NA","UNKNOWN","UNKNOWN/NA",,,"1",,,,,,,,,,,,,,,,,"Y","UNKNOWN",,,,,,,,,,,,,,,,,,,,,,,,,,,,,,,,,
"1254658","4d32310b8237e976dfa4c66d50c6408ea62c1d37f9ff167e4f72145c0db438a3a925434f8c18d04b65212f706e59f9547c0c20faddbafa3ce478648079b60066","JE492546","2021-12-30T03:19:00.000","2","PARKED",,"1190961",,"FORD","EXPLORER","IL","2011","UNKNOWN","PASSENGER","PERSONAL","N","PARKED",,,"0",,,,,,,,,,,"Y","Y",,,,,,"FRONT-LEFT",,,,,,,,,,,,,,,,,,,,,,,,,,,,,,,,,
"1254659","4d32310b8237e976dfa4c66d50c6408ea62c1d37f9ff167e4f72145c0db438a3a925434f8c18d04b65212f706e59f9547c0c20faddbafa3ce478648079b60066","JE492546","2021-12-30T03:19:00.000","3","PARKED",,"1190964",,"NISSAN","QUEST","IL","2006","UNKNOWN","PASSENGER","PERSONAL","N","PARKED","N",,"0",,,,,"Y","Y",,,,,"Y","Y","Y","Y","Y",,,"FRONT-LEFT",,,,,,,,,,,,,,,,,,,,,,,,,,,,,,,,,