"crash_unit_id","crash_record_id","rd_no","crash_date","unit_no","unit_type","num_passengers","vehicle_id","cmrc_veh_i","make","model","lic_plate_state","vehicle_year","vehicle_defect","vehicle_type","vehicle_use","travel_direction","maneuver","towed_i","fire_i","occupant_cnt","exceed_speed_limit_i","towed_by","towed_to","area_00_i","area_01_i","area_02_i","area_03_i","area_04_i","area_05_i","area_06_i","area_07_i","area_08_i","area_09_i","area_10_i","area_11_i","area_12_i","area_99_i","first_contact_point","cmv_id","usdot_no","ccmc_no","ilcc_no","commercial_src","gvwr","carrier_name","carrier_state","carrier_city","hazmat_placards_i","hazmat_name","un_no","hazmat_present_i","hazmat_report_i","hazmat_report_no","mcs_report_i","mcs_report_no","hazmat_vio_cause_crash_i","mcs_vio_cause_crash_i","idot_permit_no","wide_load_i","trailer1_width","trailer2_width","trailer1_length","trailer2_length","total_vehicle_length","axle_cnt","vehicle_config","cargo_body_type","load_type","hazmat_out_of_service_i","mcs_out_of_service_i","hazmat_class"
"1254644","8e7c853886e774a462084ba35c5b72f19259312266baecae4c3660ed38c0d5fe1a238469e63a3d1ef92912854e7a04cdb8548bfe45d0e3e2c0eef5001f1554af","JE492448","2021-12-29T22:00:00.000","1","DRIVER","1","1190947",,"TOYOTA","CAMRY","IL","2014","UNKNOWN","PASSENGER","TAXI/FOR HIRE","S","OTHER","Y",,"2",,"STREETS AND SANTATION","300 E LOWER WACKER DRIVE",,"Y","Y",,,,,,,,,,"Y",,"FRONT",,,,,,,,,,,,,,,,,,,,,,,,,,,,,,,,,
"1254645","8e7c853886e774a462084ba35c5b72f19259312266baecae4c3660ed38c0d5fe1a238469e63a3d1ef92912854e7a04cdb8548bfe45d0e3e2c0eef5001f1554af","JE492448","2021-12-29T22:00:00.000","2","DRIVER",,"1190948",,"CHEVROLET","OTHER (EXPLAIN IN NARRATIVE)","IL","2014","NONE","PASSENGER","PERSONAL","S","STRAIGHT AHEAD","Y",,"1",,"STREETS AND SANITATION","300 E LOWER WACKER DRIVE",,,,,,,,,,,,"Y","Y",,"TOTAL (ALL AREAS)",,,,,,,,,,,,,,,,,,,,,,,,,,,,,,,,,
"1254619","820c8f8a568cae0a46d9eef89df59379c7df529077f851fab39142550c0dee72d7340238bce79265727eb3717ce2ac9cbdc89f93e260cefa2a27ff10278d64d5","JE492440","2021-12-29T21:45:00.000","2","DRIVER",,"1190926",,"NISSAN","ROGUE",,"2011","NONE","PASSENGER","PERSONAL","N","STRAIGHT AHEAD",,,"1",,,,,,"Y","Y","Y",,,,,,,,,,"SIDE-RIGHT",,,,,,,,,,,,,,,,,,,,,,,,,,,,,,,,,
"1254622","820c8f8a568cae0a46d9eef89df59379c7df529077f851fab39142550c0dee72d7340238bce79265727eb3717ce2ac9cbdc89f93e260cefa2a27ff10278d64d5","JE492440","2021-12-29T21:45:00.000","1","DRIVER",,"1190929",,"NISSAN","ALTIMA","IL","2001","NONE","PASSENGER","PERSONAL","N","MERGING",,,"1",,,,,,,,,,,,,,,"Y","Y",,"TOTAL (ALL AREAS)",,,,,,,,,,,,,,,,,,,,,,,,,,,,,,,,,
"1254605","c9b4a0a7af8f18958c17ff11bd4c999470cc46c050896eda6747f61ff5903adc1f1eff8f0fc7028d57ba1fc6780cd1fbf0aa2b5cf44c4fc9b6095950c8bc4301","JE492436","2021-12-29T21:34:00.000","1","DRIVER",,"1190908",,"CHEVROLET","CRUZE","IL","2011","UNKNOWN","PASSENGER","PERSONAL","W","STRAIGHT AHEAD","Y",,"1",,"STREETS AND SAN",,,"Y","Y","Y","Y","Y",,"Y","Y","Y",,"Y","Y",,"TOTAL (ALL AREAS)",,,,,,,,,,,,,,,,,,,,,,,,,,,,,,,,,
"1254606","c9b4a0a7af8f18958c17ff11bd4c999470cc46c050896eda6747f61ff5903adc1f1eff8f0fc7028d57ba1fc6780cd1fbf0aa2b5cf44c4fc9b6095950c8bc4301","JE492436","2021-12-29T21:34:00.000","2","PARKED",,"1190909",,"FORD","EXPLORER","IL","2001","UNKNOWN","PICKUP","PERSONAL","UNKNOWN","PARKED",,,"0",,,,,,,"Y","Y","Y","Y",,,,,,"Y",,"REAR",,,,,,,,,,,,,,,,,,,,,,,,,,,,,,,,,
"1254607","c9b4a0a7af8f18958c17ff11bd4c999470cc46c050896eda6747f61ff5903adc1f1eff8f0fc7028d57ba1fc6780cd1fbf0aa2b5cf44c4fc9b6095950c8bc4301","JE492436","2021-12-29T21:34:00.000","3","PARKED",,"1190912",,"FORD","EXPLORER","IL","2002","UNKNOWN","SPORT UTILITY VEHICLE (SUV)","PERSONAL","UNKNOWN","PARKED",,,"0",,,,,,,,,,"Y",,,,,,,,"REAR-LEFT",,,,,,,,,,,,,,,,,,,,,,,,,,,,,,,,,
"1254608","c9b4a0a7af8f18958c17ff11bd4c999470cc46c050896eda6747f61ff5903adc1f1eff8f0fc7028d57ba1fc6780cd1fbf0aa2b5cf44c4fc9b6095950c8bc4301","JE492436","2021-12-29T21:34:00.000","4","PARKED",,"1190913",,"NISSAN","QUEST","IL","2008","UNKNOWN","PASSENGER","PERSONAL","UNKNOWN","PARKED",,,"0",,,,,,,,,,,"Y",,,,,,,"SIDE-LEFT",,,,,,,,,,,,,,,,,,,,,,,,,,,,,,,,,
"1254609","c9b4a0a7af8f18958c17ff11bd4c999470cc46c050896eda6747f61ff5903adc1f1eff8f0fc7028d57ba1fc6780cd1fbf0aa2b5cf44c4fc9b6095950c8bc4301","JE492436","2021-12-29T21:34:00.000","5","PARKED",,"1190914",,"NISSAN","QUEST","IL","2007","UNKNOWN","VAN/MINI-VAN","PERSONAL","UNKNOWN","PARKED",,,"0",,,,,,,,,,,"Y",,,,"Y",,,"SIDE-LEFT",,,,,,,,,,,,,,,,,,,,,,,,,,,,,,,,,
"1254595","3eb1590798b2dd360719e861829fc9ec6f7404739aec5166d32977e693a70c1661461e68c38b413b52598de7355a03812201e867c6a57d4f1cb316ce754e81ea","JE492433","2021-12-29T21:27:00.000","1","DRIVER","1","1190899",,"FORD","EXPLORER","IL","2017","NONE","SPORT UTILITY VEHICLE (SUV)","POLICE","E","BACKING",,,"2",,,,,,,,,,,"Y",,,,,,,"SIDE-LEFT",,,,,,,,,,,,,,,,,,,,,,,,,,,,,,,,,
"1254596","3eb1590798b2dd360719e861829fc9ec6f7404739aec5166d32977e693a70c1661461e68c38b413b52598de7355a03812201e867c6a57d4f1cb316ce754e81ea","JE492433","2021-12-29T21:27:00.000","2","PARKED",,"1190902",,"FORD","EXPLORER","IL","2021","UNKNOWN","SPORT UTILITY VEHICLE (SUV)","NOT IN USE","W","PARKED",,,"0",,,,,,,,,,,,"Y","Y","Y",,,,"ROOF",,,,,,,,,,,,,,,,,,,,,,,,,,,,,,,,,
"1254628","a631c007b6e4134b13c9f574438afd1b53b68c922d1d0e51302fd2975e1e22f1f1e71d5a854d5e1454ffd2bc1bbab2410d5f0ffc548ff005e346477a49ab7355","JE492484","2021-12-29T21:15:00.000","1","DRIVER",,"1190930",,"DODGE","CHARGER","XX",,"UNKNOWN","PASSENGER","UNKNOWN/NA","S","DRIVING WRONG WAY",,,"1",,,,,"Y","Y",,,,,,,,,,"Y","N","OTHER",,,,,,,,,,,,,,,,,,,,,,,,,,,,,,,,,
"1254629","a631c007b6e4134b13c9f574438afd1b53b68c922d1d0e51302fd2975e1e22f1f1e71d5a854d5e1454ffd2bc1bbab2410d5f0ffc548ff005e346477a49ab7355","JE492484","2021-12-29T21:15:00.000","2","DRIVER","2","1190934",,"NISSAN","ROGUE","IL","2016","UNKNOWN","SPORT UTILITY VEHICLE (SUV)","PERSONAL","N","STARTING IN TRAFFIC","Y",,"3",,"PRIVATE TOW","UNKNOWN",,"Y","Y","Y",,,,,,,,,"Y",,"FRONT",,,,,,,,,,,,,,,,,,,,,,,,,,,,,,,,,
"1254979","d0cc35495162a3f81ec4bd67a03ae5f31b3a02a8dda79ce5cc311d9e788090f5f81b65f7cdd86adcb3897dc62d550b56eb64f83866020084fd71105a7ac3e817","JE493227","2021-12-29T21:13:00.000","1","DRIVER",,"1191254",,"BUICK","OTHER (EXPLAIN IN NARRATIVE)",,,"UNKNOWN","PASSENGER","UNKNOWN/NA","N","ENTERING TRAFFIC LANE FROM PARKING",,,"1",,,,,,,,,,,,,,,"Y",,,"TOTAL (ALL AREAS)",,,,,,,,,,,,,,,,,,,,,,,,,,,,,,,,,
"1254980","d0cc35495162a3f81ec4bd67a03ae5f31b3a02a8dda79ce5cc311d9e788090f5f81b65f7cdd86adcb3897dc62d550b56eb64f83866020084fd71105a7ac3e817","JE493227","2021-12-29T21:13:00.000","2","PEDESTRIAN",,,,,,,,,,,,,,,,,,,,,,,,,,,,,,,,,,,,,,,,,,,,,,,,,,,,,,,,,,,,,,,,,,
"1254597","e738ebf739ceb7da98fbe2723ecbc6e642e50031d3e88a55ceaad8d81d6302a4ab687757815f538266a749464d7392d6b00dc5e8752628ce77ba4536ce28223e","JE492403","2021-12-29T21:06:00.000","1","DRIVER","2","1190900",,"NISSAN","MAXIMA","IL","2006","NONE","PASSENGER","UNKNOWN/NA","W","STRAIGHT AHEAD","Y",,"3",,,,,"Y","Y",,,,,,,,,,,,"TOTAL (ALL AREAS)",,,,,,,,,,,,,,,,,,,,,,,,,,,,,,,,,
"1254598","e738ebf739ceb7da98fbe2723ecbc6e642e50031d3e88a55ceaad8d81d6302a4ab687757815f538266a749464d7392d6b00dc5e8752628ce77ba4536ce28223e","JE492403","2021-12-29T21:06:00.000","2","PARKED",,"1190901",,"KIA","SORENTO","IL","2013","NONE","PASSENGER","PERSONAL","E","PARKED",,,"0",,,,,,,,,"Y",,,,,,,,,"REAR",,,,,,,,,,,,,,,,,,,,,,,,,,,,,,,,,
"1254599","e738ebf739ceb7da98fbe2723ecbc6e642e50031d3e88a55ceaad8d81d6302a4ab687757815f538266a749464d7392d6b00dc5e8752628ce77ba4536ce28223e","JE492403","2021-12-29T21:06:00.000","3","PARKED",,"1190903",,"GENERAL MOTORS CORPORATION (GMC)","YUKON","IL","2008","NONE","PASSENGER","PERSONAL","E","PARKED",,,"0",,,,,,,,"Y","Y",,,,,,,,,"REAR-RIGHT",,,,,,,,,,,,,,,,,,,,,,,,,,,,,,,,,
"1254600","e738ebf739ceb7da98fbe2723ecbc6e642e50031d3e88a55ceaad8d81d6302a4ab687757815f538266a749464d7392d6b00dc5e8752628ce77ba4536ce28223e","JE492403","2021-12-29T21:06:00.000","4","PARKED",,"1190907",,"BUICK","LACROSSE","IL","2015","NONE","PASSENGER","PERSONAL","E","PARKED",,,"0",,,,,"Y","Y",,,,,,,,,,,,"FRONT",,,,,,,,,,,,,,,,,,,,,,,,,,,,,,,,,
"1254737","1bcaab850b3a5019b93e6b95a3026b2b9e3999ff114c6d75b4ea3f218f5a49e8917b4779d7de2ebc06102f6c10fe4771e3ba53422f39e81357f1d25d3e226e89","JE492782","2021-12-29T21:00:00.000","1","DRIVER",,"1191034",,"AUDI","Q7",,,"NONE","SPORT UTILITY VEHICLE (SUV)","PERSONAL","S","OTHER",,,"1",,,,,,,"Y","Y","Y",,,,,,"Y",,,"ROOF",,,,,,,,,,,,,,,,,,,,,,,,,,,,,,,,,
"1258970","a025b5d9b8b4e95abe211d70f8669ebec44766301089d658c364248e122c41d4d34e8b0e55e3647429a2d32a37b57e5eeb2747ee57dba1feffcdc9aa3c95a1d3","JF105971","2021-12-29T20:38:00.000","1","DRIVER",,"1195046",,"MERCEDES-BENZ","C300","IL",,"NONE","PASSENGER","UNKNOWN/NA","S","STRAIGHT AHEAD",,,"1",,,,,,,,,,,,,,,,"Y",,"OTHER",,,,,,,,,,,,,,,,,,,,,,,,,,,,,,,,,
"1258971","a025b5d9b8b4e95abe211d70f8669ebec44766301089d658c364248e122c41d4d34e8b0e55e3647429a2d32a37b57e5eeb2747ee57dba1feffcdc9aa3c95a1d3","JF105971","2021-12-29T20:38:00.000","2","DRIVER",,"1195049",,"TOYOTA","PRIUS","IL",,"NONE","PASSENGER","PERSONAL","W","STRAIGHT AHEAD",,,"1",,,,,,"Y","Y",,,,,,,,,,,"SIDE-RIGHT",,,,,,,,,,,,,,,,,,,,,,,,,,,,,,,,,
"1254586","b541b935a63c3f727d8f1fcb0614262150b604b1bb97e9ca7f10553674b183a8ae379a3affc1f0fa5b1129348428997933b07f599edac69a618548ee9feb3e7b","JE492405","2021-12-29T20:38:00.000","1","DRIVER","1","1190895",,"FORD","ESCAPE","IL","2013","UNKNOWN","PASSENGER","PERSONAL","N","OTHER","Y",,"2",,,,,"Y",,,,,,,,,,"Y","Y",,"OTHER",,,,,,,,,,,,,,,,,,,,,,,,,,,,,,,,,
"1254796","411920f216fd82ab714ddf3b7de7f59080f84232530f535310e8b0cb5bc88af8d6931e077441ee335340e28a1bdbcc751ff5ea610091b2f41e88f4ad81d01013","JE492894","2021-12-29T20:30:00.000","1","DRIVER",,"1191086",,"UNKNOWN","OTHER (EXPLAIN IN NARRATIVE)","IL",,"UNKNOWN","UNKNOWN/NA","UNKNOWN/NA","E","UNKNOWN/NA",,,"1",,,,,,,,,,,,,,,,,"Y","UNKNOWN",,,,,,,,,,,,,,,,,,,,,,,,,,,,,,,,,
"1254797","411920f216fd82ab714ddf3b7de7f59080f84232530f535310e8b0cb5bc88af8d6931e077441ee335340e28a1bdbcc751ff5ea610091b2f41e88f4ad81d01013","JE492894","2021-12-29T20:30:00.000","2","PARKED",,"1191091",,"FORD","FUSION","IL","2017","NONE","PASSENGER","PERSONAL","E","PARKED",,,"0",,,,,,,,"Y","Y","Y",,,,,,,,"REAR-LEFT",,,,,,,,,,,,,,,,,,,,,,,,,,,,,,,,,
"1254589","8563a6ac401f36bfc80c02ebfa4154677805e9b448f54ec82e58ce3088356dfbc07f70a134cf9860c92499f6ede1901e61ebd6e7b1b9b2386512429d954aaa40","JE492374","2021-12-29T20:20:00.000","1","DRIVER","2","1190897",,"NISSAN","ROGUE","IL","2013","NONE","PASSENGER","PERSONAL","NE","TURNING LEFT","Y",,"3",,"PRIVATE TOW",,,"Y","Y",,,,"N","Y","Y","Y","Y","Y","Y",,"SIDE-LEFT",,,,,,,,,,,,,,,,,,,,,,,,,,,,,,,,,
"1254590","8563a6ac401f36bfc80c02ebfa4154677805e9b448f54ec82e58ce3088356dfbc07f70a134cf9860c92499f6ede1901e61ebd6e7b1b9b2386512429d954aaa40","JE492374","2021-12-29T20:20:00.000","2","DRIVER",,"1190898",,"HYUNDAI","ELANTRA","IL","2017","NONE","PASSENGER","PERSONAL","N","STRAIGHT AHEAD","Y",,"1",,"PRIVATE TOW",,,,,,,,,,,,,"Y","Y",,"TOTAL (ALL AREAS)",,,,,,,,,,,,,,,,,,,,,,,,,,,,,,,,,
"1254578","60304eeb59420c52a9f4ff1ad65043eb68cc16aa7c96100c698466fccf1c1247ae660b1465b15509630d9e474a304ecb50045313fe1fea3d271c5cfb25f7ce3a","JE492386","2021-12-29T20:15:00.000","1","DRIVER","2","1190889",,"HONDA","ACCORD","IL","2002","NONE","PASSENGER","PERSONAL","W","STRAIGHT AHEAD",,,"3",,,,,,"Y","Y",,,,,,,,,,,"SIDE-RIGHT",,,,,,,,,,,,,,,,,,,,,,,,,,,,,,,,,
"1254579","60304eeb59420c52a9f4ff1ad65043eb68cc16aa7c96100c698466fccf1c1247ae660b1465b15509630d9e474a304ecb50045313fe1fea3d271c5cfb25f7ce3a","JE492386","2021-12-29T20:15:00.000","2","PARKED",,"1190893",,"FORD","EDGE","IL","2016","NONE","PASSENGER","NOT IN USE","W","PARKED",,,"0",,,,,,,,,,,"Y","Y",,,,,,"FRONT-LEFT",,,,,,,,,,,,,,,,,,,,,,,,,,,,,,,,,
"1257061","10618b7dbd4af1103079bbf1922c36ffe5224ce62845b56ce5478f6821fedf79928303d1a12367c6ca19bf108677b07c04fbf36773616cbe1b7a4e374529dd26","JF102504","2021-12-29T20:11:00.000","1","DRIVER",,"1193213",,"JAGUAR","XF","IL","2015","UNKNOWN","PASSENGER","PERSONAL","S","STRAIGHT AHEAD",,,"1",,,,,"Y",,,,,,,,,,,,,"SIDE-RIGHT",,,,,,,,,,,,,,,,,,,,,,,,,,,,,,,,,
"1254571","58127c211bfe39ae00441ed2bb84c7a7c9b305436b0d6e6803ce62c5381444fa9182abd487929962e77e0877a792a537e3a0db776acc6ae4a2e007edb2b2ca19","JE492373","2021-12-29T20:10:00.000","1","DRIVER",,"1190877",,"FORD","OTHER (EXPLAIN IN NARRATIVE)","IL",,"UNKNOWN","PICKUP","PERSONAL","W","TURNING LEFT",,,"1",,,,,,,,,,,,,,"Y","Y",,,"TOTAL (ALL AREAS)",,,,,,,,,,,,,,,,,,,,,,,,,,,,,,,,,
"1254572","58127c211bfe39ae00441ed2bb84c7a7c9b305436b0d6e6803ce62c5381444fa9182abd487929962e77e0877a792a537e3a0db776acc6ae4a2e007edb2b2ca19","JE492373","2021-12-29T20:10:00.000","2","DRIVER","1","1190871",,"MAZDA","CX-5","IL","2020","NONE","SPORT UTILITY VEHICLE (SUV)","PERSONAL","N","SLOW/STOP IN TRAFFIC",,,"2",,,,,,,,,,,"Y","Y","Y","Y","Y",,,"TOTAL (ALL AREAS)",,,,,,,,,,,,,,,,,,,,,,,,,,,,,,,,,
"1254582","356b852f640b6a144a6b94fb6f2751405a9659db2d703735c1fff4868070c647981797f7d100bf5aff02ed69d4c0c55fc41054aee7bebcf8dc1d73e0f0b75155","JE492394","2021-12-29T20:06:00.000","1","DRIVER",,"1190892",,"UNKNOWN","OTHER (EXPLAIN IN NARRATIVE)",,,"UNKNOWN","PASSENGER","UNKNOWN/NA","W","PASSING/OVERTAKING",,,"1",,,,,,,,,,,,,,"Y","Y",,,"TOTAL (ALL AREAS)",,,,,,,,,,,,,,,,,,,,,,,,,,,,,,,,,
"1254583","356b852f640b6a144a6b94fb6f2751405a9659db2d703735c1fff4868070c647981797f7d100bf5aff02ed69d4c0c55fc41054aee7bebcf8dc1d73e0f0b75155","JE492394","2021-12-29T20:06:00.000","2","DRIVER",,"1190894",,"TOYOTA","CAMRY","IL","2011","NONE","PASSENGER","PERSONAL","W","STRAIGHT AHEAD",,,"1",,,,,"Y","Y",,,,,,,,,,,,"FRONT",,,,,,,,,,,,,,,,,,,,,,,,,,,,,,,,,
"1257967","3584569d77a77ed230241152828a48bb48d328fd7b525b182996d4cf2dd790c6cf505f21ad1f1abf16d05821027d66180f6acd4748dcde10c054acad6713669e","JE492838","2021-12-29T20:00:00.000","1","DRIVER",,"1194077",,"KIA","SOUL","IL","2017","UNKNOWN","PASSENGER","PERSONAL","S","UNKNOWN/NA",,,"1",,,,,,,,,,,,,,,,,"Y","OTHER",,,,,,,,,,,,,,,,,,,,,,,,,,,,,,,,,
"1257968","3584569d77a77ed230241152828a48bb48d328fd7b525b182996d4cf2dd790c6cf505f21ad1f1abf16d05821027d66180f6acd4748dcde10c054acad6713669e","JE492838","2021-12-29T20:00:00.000","2","DRIVER","2","1194078",,"CHEVROLET","EQUINOX","IL","2020","NONE","PASSENGER","PERSONAL","W","STRAIGHT AHEAD",,,"3",,,,,,"Y","Y","Y",,,,,,,,,,"SIDE-RIGHT",,,,,,,,,,,,,,,,,,,,,,,,,,,,,,,,,
"1255228","7ce572825b30d63cb0808209ff3689318661c39da288268c9becbf10503aeb2f89d5f4174819d32043d2b799bde7a41888c4755702f358415c940bb93f0bedb0","JE493810","2021-12-29T19:58:00.000","1","DRIVER",,"1191509",,"UNKNOWN","OTHER (EXPLAIN IN NARRATIVE)","IL",,"UNKNOWN","UNKNOWN/NA","UNKNOWN/NA","W","STRAIGHT AHEAD",,,"1",,,,,,,,,,,,,,,,,"Y","UNKNOWN",,,,,,,,,,,,,,,,,,,,,,,,,,,,,,,,,
"1255229","7ce572825b30d63cb0808209ff3689318661c39da288268c9becbf10503aeb2f89d5f4174819d32043d2b799bde7a41888c4755702f358415c940bb93f0bedb0","JE493810","2021-12-29T19:58:00.000","2","DRIVER","1","1191503",,"TESLA","MODEL 3","IL","2018","NONE","PASSENGER","PERSONAL","W","STRAIGHT AHEAD",,,"2",,,,,,,,,,,"Y",,,,,,,"FRONT-LEFT",,,,,,,,,,,,,,,,,,,,,,,,,,,,,,,,,
"1254584","306f50a1b478280ebfc9aaafe49a818714d499e585eef7a8276364a045c809979691a737e2910b866377639fea85088c5c4263d52f093fca87a77366a2f4e9d7","JE492392","2021-12-29T19:55:00.000","1","DRIVER",,"1190916",,"UNKNOWN","OTHER (EXPLAIN IN NARRATIVE)","IL",,"UNKNOWN","UNKNOWN/NA","UNKNOWN/NA","UNKNOWN","UNKNOWN/NA",,,"1",,,,,,,,,,,,,,,,,"Y","UNKNOWN",,,,,,,,,,,,,,,,,,,,,,,,,,,,,,,,,
"1254585","306f50a1b478280ebfc9aaafe49a818714d499e585eef7a8276364a045c809979691a737e2910b866377639fea85088c5c4263d52f093fca87a77366a2f4e9d7","JE492392","2021-12-29T19:55:00.000","2","PARKED",,"1190896",,"TOYOTA","CAMRY","IL","2019","NONE","PASSENGER","PERSONAL","N","PARKED",,,"0",,,,,,,,,,,"Y","N",,,,,,"FRONT-LEFT",,,,,,,,,,,,,,,,,,,,,,,,,,,,,,,,,
"1254569","451dc05d63ef29b33761ee5e3c3b8c315a6cfe952a5464e603b0d4433c69367a28e90ddfc4a875176caf0db4fcd147ae0a22cca927eb9ec3496cd4e9eee34acf","JE492395","2021-12-29T19:30:00.000","1","DRIVER",,"1190872",,"AUDI","Q7","IL","2010","UNKNOWN","PASSENGER","PERSONAL","UNKNOWN","UNKNOWN/NA",,,"1",,,,,"Y",,,,,,,,,,"Y","Y",,"OTHER",,,,,,,,,,,,,,,,,,,,,,,,,,,,,,,,,
"1254570","451dc05d63ef29b33761ee5e3c3b8c315a6cfe952a5464e603b0d4433c69367a28e90ddfc4a875176caf0db4fcd147ae0a22cca927eb9ec3496cd4e9eee34acf","JE492395","2021-12-29T19:30:00.000","2","DRIVER",,"1190876",,"INFINITI","G37","IL","2009","UNKNOWN","PASSENGER","PERSONAL","UNKNOWN","UNKNOWN/NA",,,"1",,,,,"Y",,,,,,,,,,"Y","Y",,"OTHER",,,,,,,,,,,,,,,,,,,,,,,,,,,,,,,,,
"1254573","df3723d1ff972571af01d5aafdd726fdfea36be521ccdf61b566b8e5a61d7ba6a2f6b0ec7e5ae77c7d2dff22e75fec2b9c6a2f2761cfb0d92c68dc3473bcb7b1","JE492335","2021-12-29T19:28:00.000","1","DRIVER",,"1190880",,"CHEVROLET","EQUINOX","IL","2008","NONE","PASSENGER","PERSONAL","N","STRAIGHT AHEAD","Y",,"1",,"private",,,"Y","Y",,,,,,,,"Y","Y","Y",,"OTHER",,,,,,,,,,,,,,,,,,,,,,,,,,,,,,,,,
"1254574","df3723d1ff972571af01d5aafdd726fdfea36be521ccdf61b566b8e5a61d7ba6a2f6b0ec7e5ae77c7d2dff22e75fec2b9c6a2f2761cfb0d92c68dc3473bcb7b1","JE492335","2021-12-29T19:28:00.000","2","DRIVER",,"1190883",,"GENERAL MOTORS CORPORATION (GMC)","ENVOY","IL","2015","NONE","PASSENGER","PERSONAL","W","STRAIGHT AHEAD","Y",,"1",,"private",,,,,,,,,"Y","Y","Y","Y","Y",,,"ROOF",,,,,,,,,,,,,,,,,,,,,,,,,,,,,,,,,
"1254580","d1ee7c9ca2c413cfba2c322d88b35d1872a1e378ea26fb5494c296264e0e6b7e92d2da064181e8839708481c4b0a0be1770421a34d93b1c2c86a5c2e31133287","JE492389","2021-12-29T19:27:00.000","1","DRIVER",,"1190890",,"CHEVROLET","CRUZE","IL","2013","UNKNOWN","PASSENGER","PERSONAL","E","TURNING RIGHT",,,"1",,,,,"Y",,,,,,,,,,"Y","Y","Y","OTHER",,,,,,,,,,,,,,,,,,,,,,,,,,,,,,,,,
"1254581","d1ee7c9ca2c413cfba2c322d88b35d1872a1e378ea26fb5494c296264e0e6b7e92d2da064181e8839708481c4b0a0be1770421a34d93b1c2c86a5c2e31133287","JE492389","2021-12-29T19:27:00.000","2","DRIVER",,"1190891",,"HONDA","CIVIC","IL","2013","NONE","PASSENGER","PERSONAL","S","STRAIGHT AHEAD","Y",,"1",,"TRIPLE A",,,"N","Y","Y","Y",,,,,,,,,"Y","SIDE-RIGHT",,,,,,,,,,,,,,,,,,,,,,,,,,,,,,,,,
"1254554","ead34812ef7a2520be3381ec00f88139d5d466e974cec9f6a19416ae69118ef2610b29f295bdbb86ec52e19d7443f1989dc83a4f9dcf9e5f8289a0238e595ade","JE492332","2021-12-29T19:15:00.000","1","DRIVER",,"1190861",,"JEEP","GRAND CHEROKEE",,,"UNKNOWN","SPORT UTILITY VEHICLE (SUV)","UNKNOWN/NA","E","STRAIGHT AHEAD",,,"1",,,,,,,,,,,,,,,,,,"OTHER",,,,,,,,,,,,,,,,,,,,,,,,,,,,,,,,,
"1254555","ead34812ef7a2520be3381ec00f88139d5d466e974cec9f6a19416ae69118ef2610b29f295bdbb86ec52e19d7443f1989dc83a4f9dcf9e5f8289a0238e595ade","JE492332","2021-12-29T19:15:00.000","2","DRIVER",,"1190863",,"TOYOTA","CAMRY","MI","2021","NONE","PASSENGER","PERSONAL","E","SLOW/STOP IN TRAFFIC",,,"1",,,,,,,,,"Y","Y","Y",,,,,,,"REAR-LEFT",,,,,,,,,,,,,,,,,,,,,,,,,,,,,,,,,
"1254576","33df1cf046755cd9cbe8ac4f9dfaa5910ec1d77f02ee5dc8bdf8af58e1f762e76a15e6579d1ed9230965aba66bce8624a8ad94053939e6b4a04b4e6aa9db50da","JE492368","2021-12-29T19:06:00.000","1","DRIVER",,"1190886",,"UNKNOWN","OTHER (EXPLAIN IN NARRATIVE)",,,"NONE","UNKNOWN/NA","UNKNOWN/NA","UNKNOWN","UNKNOWN/NA",,,"1",,,,,,,,,,,,,,,,,"Y","UNKNOWN",,,,,,,,,,,,,,,,,,,,,,,,,,,,,,,,,
"1254577","33df1cf046755cd9cbe8ac4f9dfaa5910ec1d77f02ee5dc8bdf8af58e1f762e76a15e6579d1ed9230965aba66bce8624a8ad94053939e6b4a04b4e6aa9db50da","JE492368","2021-12-29T19:06:00.000","2","PARKED",,"1190885",,"VOLKSWAGEN","TIGUAN","IL","2016","UNKNOWN","PASSENGER","PERSONAL","E","PARKED",,,"0",,,,,,,,,,,,,,"Y","Y",,,"TOTAL (ALL AREAS)",,,,,,,,,,,,,,,,,,,,,,,,,,,,,,,,,