"crash_unit_id","crash_record_id","rd_no","crash_date","unit_no","unit_type","num_passengers","vehicle_id","cmrc_veh_i","make","model","lic_plate_state","vehicle_year","vehicle_defect","vehicle_type","vehicle_use","travel_direction","maneuver","towed_i","fire_i","occupant_cnt","exceed_speed_limit_i","towed_by","towed_to","area_00_i","area_01_i","area_02_i","area_03_i","area_04_i","area_05_i","area_06_i","area_07_i","area_08_i","area_09_i","area_10_i","area_11_i","area_12_i","area_99_i","first_contact_point","cmv_id","usdot_no","ccmc_no","ilcc_no","commercial_src","gvwr","carrier_name","carrier_state","carrier_city","hazmat_placards_i","hazmat_name","un_no","hazmat_present_i","hazmat_report_i","hazmat_report_no","mcs_report_i","mcs_report_no","hazmat_vio_cause_crash_i","mcs_vio_cause_crash_i","idot_permit_no","wide_load_i","trailer1_width","trailer2_width","trailer1_length","trailer2_length","total_vehicle_length","axle_cnt","vehicle_config","cargo_body_type","load_type","hazmat_out_of_service_i","mcs_out_of_service_i","hazmat_class"
"1254632","f57c6c0167b82e6cbfafc02074cdf44a1c0bdbff3e42413ac216bb9bffaba365d91ef20fb9ad7159eaf3ac27ea19764edffd9454ba3740ab1ecc49ece3bff8fd","JE492472","2021-12-29T19:00:00.000","1","DRIVER",,"1190928",,"CHRYSLER","300","IL","2006","UNKNOWN","PASSENGER","PERSONAL","W","UNKNOWN/NA",,,"1",,,,,,,,,,,,,,,,,"Y","FRONT",,,,,,,,,,,,,,,,,,,,,,,,,,,,,,,,,
"1254633","f57c6c0167b82e6cbfafc02074cdf44a1c0bdbff3e42413ac216bb9bffaba365d91ef20fb9ad7159eaf3ac27ea19764edffd9454ba3740ab1ecc49ece3bff8fd","JE492472","2021-12-29T19:00:00.000","2","DRIVER","1","1190933",,"TOYOTA","SIENNA","IL","2001","NONE","PASSENGER","PERSONAL","W","SLOW/STOP IN TRAFFIC",,,"2",,,,,,,,,,,,,,,"Y","Y",,"TOTAL (ALL AREAS)",,,,,,,,,,,,,,,,,,,,,,,,,,,,,,,,,
"1254786","fe1f1963b1d80eb863ab6b4afac775f1c6519b90c531f8bb1de58957b41215aa5ff32c92edb7e06040dccbe76cb9cfda433722a8c006a91d8cdc15f3e3b2c834","JE492792","2021-12-29T19:00:00.000","1","DRIVER",,"1191072",,"LINCOLN","TOWNCAR","IL","2015","NONE","SPORT UTILITY VEHICLE (SUV)","RIDESHARE SERVICE","E","STRAIGHT AHEAD",,,"1",,,,,,,"Y",,,,,,,,,,,"SIDE-RIGHT",,,,,,,,,,,,,,,,,,,,,,,,,,,,,,,,,
"1254787","fe1f1963b1d80eb863ab6b4afac775f1c6519b90c531f8bb1de58957b41215aa5ff32c92edb7e06040dccbe76cb9cfda433722a8c006a91d8cdc15f3e3b2c834","JE492792","2021-12-29T19:00:00.000","2","PARKED",,"1191073",,"UNKNOWN","OTHER (EXPLAIN IN NARRATIVE)",,,"UNKNOWN","PASSENGER","NOT IN USE","E","PARKED",,,"0",,,,,,,,,,,,,,,,,,"ROOF",,,,,,,,,,,,,,,,,,,,,,,,,,,,,,,,,
"1259157","04487a0ce416ee959c2f04752eb8fb8cb644e3d5444d3bc2ee3f30ea1a85eda883a31541016d54f368175346101e88274897508035094137c41996ed99757500","JE492308","2021-12-29T18:58:00.000","1","DRIVER","1","1195218",,"CHRYSLER","300","IL","2013","UNKNOWN","PASSENGER","PERSONAL","S","TURNING LEFT","Y",,"2",,,,,"Y","N",,,,,,,,"Y","Y","Y",,"TOTAL (ALL AREAS)",,,,,,,,,,,,,,,,,,,,,,,,,,,,,,,,,
"1259158","04487a0ce416ee959c2f04752eb8fb8cb644e3d5444d3bc2ee3f30ea1a85eda883a31541016d54f368175346101e88274897508035094137c41996ed99757500","JE492308","2021-12-29T18:58:00.000","2","DRIVER",,"1195219",,"DODGE","CHARGER","IL","2016","UNKNOWN","PASSENGER","PERSONAL","S","STRAIGHT AHEAD",,,"1",,,,,,,,,,,,"Y","Y",,,,,"ROOF",,,,,,,,,,,,,,,,,,,,,,,,,,,,,,,,,
"1254567","2e90de173f3730e58f1b97ff9d030f30b97eefba66a34387ed6a3df2741ee5a5676d116e8fa097ce93f55eb1cdc273e3a436228712c2386d0ba729d61a20acb2","JE492319","2021-12-29T18:58:00.000","1","DRIVER",,"1190870",,"NISSAN","SENTRA","IL","2022","NONE","PASSENGER","PERSONAL","S","TURNING LEFT","Y",,"1",,"Ronalds service first tow",,,"Y",,,,,,,,,,"Y","Y",,"OTHER",,,,,,,,,,,,,,,,,,,,,,,,,,,,,,,,,
"1254568","2e90de173f3730e58f1b97ff9d030f30b97eefba66a34387ed6a3df2741ee5a5676d116e8fa097ce93f55eb1cdc273e3a436228712c2386d0ba729d61a20acb2","JE492319","2021-12-29T18:58:00.000","2","DRIVER","1","1190875",,"CHRYSLER","300","IL","2006","NONE","PASSENGER","PERSONAL","N","STRAIGHT AHEAD","Y",,"2",,"cook county towing","unk",,"Y",,,,,,,,,,"Y","Y",,"OTHER",,,,,,,,,,,,,,,,,,,,,,,,,,,,,,,,,
"1254565","3817dbbb5eb32d493980575e3e9dd8923c6795733d61891c12d2e2f51334785c713b1bcd76c654b37afaa539596c46b13e57f00607ee196eb21d451107ac0a01","JE492316","2021-12-29T18:55:00.000","1","DRIVER","1","1190868",,"HONDA","CIVIC","IL","2015","UNKNOWN","PASSENGER","PERSONAL","E","STRAIGHT AHEAD",,,"2",,,,,,,,,,,,,,,"Y","Y",,"OTHER",,,,,,,,,,,,,,,,,,,,,,,,,,,,,,,,,
"1254566","3817dbbb5eb32d493980575e3e9dd8923c6795733d61891c12d2e2f51334785c713b1bcd76c654b37afaa539596c46b13e57f00607ee196eb21d451107ac0a01","JE492316","2021-12-29T18:55:00.000","2","DRIVER",,"1190874",,"KIA","OPTIMA / K5","IL","2013","NONE","PASSENGER","PERSONAL","N","STRAIGHT AHEAD",,,"1",,,,,,,,,,,,,"Y","Y","Y",,,"TOTAL (ALL AREAS)",,,,,,,,,,,,,,,,,,,,,,,,,,,,,,,,,
"1256058","253d47865567fe82f0af20a63874059d97d26c7d0eb3d5c4bf0f0952288b6977db70a6d29f89f003d3d94e0519eefa574d9a44c23338ffa3c2a0a42348e4211a","JE492294","2021-12-29T18:45:00.000","1","DRIVER",,"1192259",,"ASSICUATED TRUCK & TRAILER (TIGARD, OR)","ASSICUATED TRUCK & TRAILER, TIGARD, OR","IL","2020","UNKNOWN","TRUCK - SINGLE UNIT","OTHER","S","STRAIGHT AHEAD",,,"1",,,,,,,,,,,,,,,,"Y",,"OTHER",,,,,,,,,,,,,,,,,,,,,,,,,,,,,,,,,
"1256059","253d47865567fe82f0af20a63874059d97d26c7d0eb3d5c4bf0f0952288b6977db70a6d29f89f003d3d94e0519eefa574d9a44c23338ffa3c2a0a42348e4211a","JE492294","2021-12-29T18:45:00.000","2","DRIVER","2","1192274",,"PONTIAC","VIBE","IL","2008","NONE","PASSENGER","PERSONAL","S","STRAIGHT AHEAD","Y",,"3",,"herreras towing","127 137th st hammond in.",,,,,"Y","Y","Y",,,,,,,,"REAR",,,,,,,,,,,,,,,,,,,,,,,,,,,,,,,,,
"1254558","00863d3067a4c7ff6cbd0a46523522efc5592d66d6e03e270f49809260acb6ff6d0d64cb4457b99ccdf55aea8dbf19919b99c4e83fce13e8d17b4e6fbcdc9b69","JE492306","2021-12-29T18:40:00.000","1","DRIVER",,"1190864",,"HYUNDAI","SANTA FE","IL","2019","NONE","PASSENGER","PERSONAL","W","AVOIDING VEHICLES/OBJECTS","Y",,"1",,"PRIVATE TOW","RESIDENCE",,"Y","Y","Y",,,,"N",,"N","Y","Y","Y",,"FRONT",,,,,,,,,,,,,,,,,,,,,,,,,,,,,,,,,
"1254559","00863d3067a4c7ff6cbd0a46523522efc5592d66d6e03e270f49809260acb6ff6d0d64cb4457b99ccdf55aea8dbf19919b99c4e83fce13e8d17b4e6fbcdc9b69","JE492306","2021-12-29T18:40:00.000","2","PARKED",,"1190867",,"NISSAN","ALTIMA","IL","2013","NONE","PASSENGER","PERSONAL","W","PARKED",,,"0",,,,,"Y",,,,,,"Y","Y","Y",,"Y","Y",,"FRONT-LEFT",,,,,,,,,,,,,,,,,,,,,,,,,,,,,,,,,
"1254560","00863d3067a4c7ff6cbd0a46523522efc5592d66d6e03e270f49809260acb6ff6d0d64cb4457b99ccdf55aea8dbf19919b99c4e83fce13e8d17b4e6fbcdc9b69","JE492306","2021-12-29T18:40:00.000","3","PARKED",,"1190873",,"DODGE","RAM 1500 PU","IL","2018","NONE","PICKUP","PERSONAL","W","PARKED",,,"0",,,,,,,,,"Y","Y","Y",,,,,,,"REAR-LEFT",,,,,,,,,,,,,,,,,,,,,,,,,,,,,,,,,
"1254561","00863d3067a4c7ff6cbd0a46523522efc5592d66d6e03e270f49809260acb6ff6d0d64cb4457b99ccdf55aea8dbf19919b99c4e83fce13e8d17b4e6fbcdc9b69","JE492306","2021-12-29T18:40:00.000","4","PARKED",,"1190879",,"TOYOTA","COROLLA","OK","2021","NONE","PASSENGER","PERSONAL","W","PARKED",,,"0",,,,,"Y",,,,"Y","Y","Y","Y","Y","Y","Y","Y",,"SIDE-LEFT",,,,,,,,,,,,,,,,,,,,,,,,,,,,,,,,,
"1254562","00863d3067a4c7ff6cbd0a46523522efc5592d66d6e03e270f49809260acb6ff6d0d64cb4457b99ccdf55aea8dbf19919b99c4e83fce13e8d17b4e6fbcdc9b69","JE492306","2021-12-29T18:40:00.000","5","PARKED",,"1190881",,"KIA","SPORTAGE","IL","2020","NONE","PASSENGER","PERSONAL","W","PARKED",,,"0",,,,,,,,,"Y","Y","Y",,,,,,,"REAR-LEFT",,,,,,,,,,,,,,,,,,,,,,,,,,,,,,,,,
"1254735","4d0640b25317c8196b0001c6df1768d5b80c3ac13d9df87875efcd2c92eec53284ccfa9a3ea2a3cce6ccc381fced184d536f600b9d71a4bd0e31a419abe2ee95","JE492774","2021-12-29T18:40:00.000","1","DRIVER",,"1191033",,"GENERAL MOTORS CORPORATION (GMC)","OTHER (EXPLAIN IN NARRATIVE)",,,"NONE","PASSENGER","PERSONAL","E","STRAIGHT AHEAD",,,"1",,,,,,,,,,,"N","N","N",,,,,"UNKNOWN",,,,,,,,,,,,,,,,,,,,,,,,,,,,,,,,,
"1254736","4d0640b25317c8196b0001c6df1768d5b80c3ac13d9df87875efcd2c92eec53284ccfa9a3ea2a3cce6ccc381fced184d536f600b9d71a4bd0e31a419abe2ee95","JE492774","2021-12-29T18:40:00.000","2","DRIVER","2","1191037",,"GENERAL MOTORS CORPORATION (GMC)","YUKON","IL","2015","NONE","PASSENGER","PERSONAL","E","STRAIGHT AHEAD",,,"3",,,,,"Y","Y",,,,,,,,,,,,"FRONT",,,,,,,,,,,,,,,,,,,,,,,,,,,,,,,,,
"1254720","90c98b065be8c23a4366c81db1a9df5234a5adc94a08edd1a2d609f7a21ed02720884c4e7304efd94e009b3d8430616cd4b7d7fde54b31bb6219fdb0d8ed3405","JE492737","2021-12-29T18:40:00.000","1","PARKED",,"1191019",,"HONDA","CIVIC","OH","2013","UNKNOWN","PASSENGER","PERSONAL","S","PARKED",,,"0",,,,,,,,,,,,"Y",,"Y",,,,,,,,,,,,,,,,,,,,,,,,,,,,,,,,,,,,,
"1254721","90c98b065be8c23a4366c81db1a9df5234a5adc94a08edd1a2d609f7a21ed02720884c4e7304efd94e009b3d8430616cd4b7d7fde54b31bb6219fdb0d8ed3405","JE492737","2021-12-29T18:40:00.000","2","DRIVER",,"1191025",,"MAZDA","CX-3","IL",,"NONE","PASSENGER","PERSONAL","S","STRAIGHT AHEAD",,,"1",,,,,,"Y","Y","Y",,,,,,,,,,,,,,,,,,,,,,,,,,,,,,,,,,,,,,,,,,,
"1254550","c477160f7697b9b58e34fc980cba05da87da1a85a8e37bf86f10832642fdeb48a11abe3dc0ab6f00bab492c00bf35673abfc3f24776572c105fdb8764f303371","JE492285","2021-12-29T18:36:00.000","1","DRIVER",,"1190848",,"UNKNOWN","MOTORIZED",,,"UNKNOWN","UNKNOWN/NA","UNKNOWN/NA","S","STRAIGHT AHEAD",,,"1",,,,,"Y","Y","Y",,,,,,,,,,,"FRONT-RIGHT",,,,,,,,,,,,,,,,,,,,,,,,,,,,,,,,,
"1254551","c477160f7697b9b58e34fc980cba05da87da1a85a8e37bf86f10832642fdeb48a11abe3dc0ab6f00bab492c00bf35673abfc3f24776572c105fdb8764f303371","JE492285","2021-12-29T18:36:00.000","2","DRIVER",,"1190860",,"KIA","FORTE","IL","2017","NONE","PASSENGER","PERSONAL","S","STRAIGHT AHEAD","Y",,"1",,"PRIVATE COMPANY",,,,,,,,,"Y","Y","Y","Y","Y",,,"UNDER CARRIAGE",,,,,,,,,,,,,,,,,,,,,,,,,,,,,,,,,
"1254546","59ad88944e7a4f69d81c82af18e51a449dd6cf66102d4b2e06adfa968f2fc1586848347562c1513e82a2a04a6a52eca35642565d6d9bfe0d3f9693f0e4453274","JE492298","2021-12-29T18:33:00.000","1","DRIVER","6","1190850",,"CHEVROLET","IMPALA","IA","2004","UNKNOWN","PASSENGER","UNKNOWN/NA","S","STRAIGHT AHEAD",,,"7",,,,,"Y",,,,,,,,,,"Y","Y",,"OTHER",,,,,,,,,,,,,,,,,,,,,,,,,,,,,,,,,
"1254547","59ad88944e7a4f69d81c82af18e51a449dd6cf66102d4b2e06adfa968f2fc1586848347562c1513e82a2a04a6a52eca35642565d6d9bfe0d3f9693f0e4453274","JE492298","2021-12-29T18:33:00.000","2","DRIVER","4","1190862",,"HONDA","ODYSSEY","IL","2005","NONE","VAN/MINI-VAN","PERSONAL","W","STRAIGHT AHEAD",,,"5",,,,,"Y","Y","Y","Y",,,,,,,"N","Y",,"FRONT-RIGHT",,,,,,,,,,,,,,,,,,,,,,,,,,,,,,,,,
"1257800","2d37964f90a412d119d857ec74442ab169b8817f2a6823e1099634abb1df792561c79d5a31592157e67a98c7a1f94aac9806b5ca5502dfe8e748aac2eb4ac03c","JF103841","2021-12-29T18:30:00.000","1","DRIVER",,"1193923",,"HONDA","HR-V","IL","2016","UNKNOWN","SPORT UTILITY VEHICLE (SUV)","UNKNOWN/NA","SE","STARTING IN TRAFFIC",,,"1",,,,,"Y",,,,,,,,,,"Y","Y",,"OTHER",,,,,,,,,,,,,,,,,,,,,,,,,,,,,,,,,
"1257801","2d37964f90a412d119d857ec74442ab169b8817f2a6823e1099634abb1df792561c79d5a31592157e67a98c7a1f94aac9806b5ca5502dfe8e748aac2eb4ac03c","JF103841","2021-12-29T18:30:00.000","2","DRIVER",,"1193927",,"FORD","FOCUS","IL","2014","NONE","PASSENGER","PERSONAL","S","STRAIGHT AHEAD",,,"1",,,,,,,,,"Y","Y","Y",,,,,,,"FRONT-LEFT",,,,,,,,,,,,,,,,,,,,,,,,,,,,,,,,,
"1254548","749002bc9bf2bbe9050688a667d1b137651a52e375d4f3a1c81ea5aa99e2b349cf4ea37b604f0672ae4e6efc491f5b297e315f4bab844577691e4d141fa20f84","JE492315","2021-12-29T18:20:00.000","1","DRIVER",,"1190845",,"DODGE","CARAVAN","IL",,"UNKNOWN","PASSENGER","UNKNOWN/NA","N","UNKNOWN/NA",,,"1",,,,,,,,,,,,,,,,,"Y","UNKNOWN",,,,,,,,,,,,,,,,,,,,,,,,,,,,,,,,,
"1254549","749002bc9bf2bbe9050688a667d1b137651a52e375d4f3a1c81ea5aa99e2b349cf4ea37b604f0672ae4e6efc491f5b297e315f4bab844577691e4d141fa20f84","JE492315","2021-12-29T18:20:00.000","2","DRIVER",,"1190853",,"NISSAN","ROGUE","IL","2014","UNKNOWN","PASSENGER","PERSONAL","N","UNKNOWN/NA",,,"1",,,,,,,,,,,,"Y","Y","Y","Y",,,"ROOF",,,,,,,,,,,,,,,,,,,,,,,,,,,,,,,,,
"1254537","26ebc5a426cf3276a832615ee1f556583ed049faf52ad865728c1d4d08b438004a326375bf3be4b9144e4050fc892247978685c2bf5f5ed3b06a7a4bbfc5dde7","JE492290","2021-12-29T18:15:00.000","1","DRIVER","1","1190834",,"CHEVROLET","EQUINOX","IL","2020","NONE","SPORT UTILITY VEHICLE (SUV)","PERSONAL","W","STRAIGHT AHEAD",,,"2",,,,,,,"Y",,,,,,,,,,,"SIDE-RIGHT",,,,,,,,,,,,,,,,,,,,,,,,,,,,,,,,,
"1254538","26ebc5a426cf3276a832615ee1f556583ed049faf52ad865728c1d4d08b438004a326375bf3be4b9144e4050fc892247978685c2bf5f5ed3b06a7a4bbfc5dde7","JE492290","2021-12-29T18:15:00.000","2","DRIVER",,"1190846",,"KIA","SOUL","IL","2017","NONE","PASSENGER","PERSONAL","S","STRAIGHT AHEAD",,,"1",,,,,,,,,,,,,,,"Y",,,"TOTAL (ALL AREAS)",,,,,,,,,,,,,,,,,,,,,,,,,,,,,,,,,
"1254530","5fccb2da9066cfdd189a394b68c295c4ca7bb0de07de85bb75a5387f0676123f5ae021db0aef02ac5d5fab552ae8b34bb562d5b2c00fdd1865638ecd3effa451","JE492268","2021-12-29T18:15:00.000","1","DRIVER",,"1190839",,"FORD","ECONOLINE E450","IL","2020","NONE","PASSENGER","CONSTRUCTION/MAINTENANCE","W","BACKING",,,"1",,,,,,,,,"Y",,,,,,,,,"REAR",,,,,,,,,,,,,,,,,,,,,,,,,,,,,,,,,
"1254531","5fccb2da9066cfdd189a394b68c295c4ca7bb0de07de85bb75a5387f0676123f5ae021db0aef02ac5d5fab552ae8b34bb562d5b2c00fdd1865638ecd3effa451","JE492268","2021-12-29T18:15:00.000","2","DRIVER",,"1190854",,"TOYOTA","CAMRY","IL","2020","NONE","PASSENGER","PERSONAL","E","STRAIGHT AHEAD",,,"1",,,,,,,,,,,,,,,"Y",,,"TOTAL (ALL AREAS)",,,,,,,,,,,,,,,,,,,,,,,,,,,,,,,,,
"1254539","5c85ca5c64a5e46c045d64dfcc1baecd448bacc491c67cf6c4cef750f46066510bd09ee23d9ed2ebf7aa45a415e3263dba8ed1d51a69af9207032a848043a4b4","JE492272","2021-12-29T18:14:00.000","1","DRIVER",,"1190842",,"CHEVROLET","MALIBU","IL","2019","NONE","PASSENGER","PERSONAL","NW","TURNING LEFT",,,"1",,,,,,,,,,,,,,"Y",,,,"TOTAL (ALL AREAS)",,,,,,,,,,,,,,,,,,,,,,,,,,,,,,,,,
"1254540","5c85ca5c64a5e46c045d64dfcc1baecd448bacc491c67cf6c4cef750f46066510bd09ee23d9ed2ebf7aa45a415e3263dba8ed1d51a69af9207032a848043a4b4","JE492272","2021-12-29T18:14:00.000","2","PEDESTRIAN",,,,,,,,,,,,,,,,,,,,,,,,,,,,,,,,,,,,,,,,,,,,,,,,,,,,,,,,,,,,,,,,,,
"1254541","5c85ca5c64a5e46c045d64dfcc1baecd448bacc491c67cf6c4cef750f46066510bd09ee23d9ed2ebf7aa45a415e3263dba8ed1d51a69af9207032a848043a4b4","JE492272","2021-12-29T18:14:00.000","3","PEDESTRIAN",,,,,,,,,,,,,,,,,,,,,,,,,,,,,,,,,,,,,,,,,,,,,,,,,,,,,,,,,,,,,,,,,,
"1254575","5563bd5ff05869309a66fdf447c543d0401b5942ad916de8d3cd5b5ea83a46fad1b572e07a0520572159355fc91e551ad844387cda4dc181a6a5d35f2d108316","JE492262","2021-12-29T18:10:00.000","1","DRIVER",,"1190882",,"DODGE","CHARGER","WI","2007","UNKNOWN","PASSENGER","PERSONAL","W","OTHER","Y","Y","1",,"CITY OF CHICAGO","DOTY",,,,,,,,,,,,,,,"OTHER",,,,,,,,,,,,,,,,,,,,,,,,,,,,,,,,,
"1254942","18b947525911ddf313027a13c6dbed5842f7d55129e6cb9e1d36e696f1d9303ca5937ec1312608203fd34e57be761ce11bf52a9a58a660d4ccaabf03f0f8635a","JE493184","2021-12-29T18:00:00.000","1","DRIVER",,"1191234",,"HONDA","OTHER (EXPLAIN IN NARRATIVE)","IL","2001","UNKNOWN","PASSENGER","PERSONAL","W","BACKING",,,"1",,,,,,,,,,"Y",,,,,,,"N","REAR-LEFT",,,,,,,,,,,,,,,,,,,,,,,,,,,,,,,,,
"1254943","18b947525911ddf313027a13c6dbed5842f7d55129e6cb9e1d36e696f1d9303ca5937ec1312608203fd34e57be761ce11bf52a9a58a660d4ccaabf03f0f8635a","JE493184","2021-12-29T18:00:00.000","2","PARKED",,"1191238",,"HONDA","CR-V","IL","2013","NONE","PASSENGER","NOT IN USE","E","PARKED",,,"0",,,,,,,,,,,,,,,,"Y",,"OTHER",,,,,,,,,,,,,,,,,,,,,,,,,,,,,,,,,
"1254534","ac6e064400f977ead9108d820fa65f7a666fdd8f35505c968c49a9be54653f19be46ef0852fe3feb0f4a77fcb107b50faa057885c7bacd33752030e89279192e","JE492245","2021-12-29T18:00:00.000","1","DRIVER",,"1190838",,"JEEP","GRAND CHEROKEE","IL","2000","UNKNOWN","PASSENGER","PERSONAL","W","STRAIGHT AHEAD","Y",,"1",,"E & R TOWING","104/DOTY",,"Y","Y",,,,,,,,"Y","Y","Y",,"OTHER",,,,,,,,,,,,,,,,,,,,,,,,,,,,,,,,,
"1254535","ac6e064400f977ead9108d820fa65f7a666fdd8f35505c968c49a9be54653f19be46ef0852fe3feb0f4a77fcb107b50faa057885c7bacd33752030e89279192e","JE492245","2021-12-29T18:00:00.000","2","DRIVER",,"1190843",,"MAZDA","OTHER (EXPLAIN IN NARRATIVE)","IL","2006","NONE","PASSENGER","PERSONAL","S","SLOW/STOP IN TRAFFIC",,,"1",,,,,"Y","Y",,,,,,,,"Y","Y","Y",,"TOTAL (ALL AREAS)",,,,,,,,,,,,,,,,,,,,,,,,,,,,,,,,,
"1254536","ac6e064400f977ead9108d820fa65f7a666fdd8f35505c968c49a9be54653f19be46ef0852fe3feb0f4a77fcb107b50faa057885c7bacd33752030e89279192e","JE492245","2021-12-29T18:00:00.000","3","DRIVER",,"1190852",,"JEEP","COMPASS","IL","2018","UNKNOWN","PASSENGER","PERSONAL","S","SLOW/STOP IN TRAFFIC",,,"1",,,,,,,,,,,"Y","Y","Y","Y","Y","Y",,"ROOF",,,,,,,,,,,,,,,,,,,,,,,,,,,,,,,,,
"1254504","cb697f5d4586f9d7c0ea2f3568387f190a5f1542677a76f598f4292c2e01752c76b1248b9203a5ae77e16653c5cc0cbe9863be973322075609254515abc3b3fb","JE492252","2021-12-29T18:00:00.000","1","DRIVER",,"1190806",,"UNKNOWN","OTHER (EXPLAIN IN NARRATIVE)",,,"UNKNOWN","PASSENGER","PERSONAL","N","STRAIGHT AHEAD",,,"1",,,,,"Y",,,,,,,,,,"Y","Y",,"OTHER",,,,,,,,,,,,,,,,,,,,,,,,,,,,,,,,,
"1254505","cb697f5d4586f9d7c0ea2f3568387f190a5f1542677a76f598f4292c2e01752c76b1248b9203a5ae77e16653c5cc0cbe9863be973322075609254515abc3b3fb","JE492252","2021-12-29T18:00:00.000","2","DRIVER","1","1190811",,"CHEVROLET","EQUINOX","IL","2020","NONE","PASSENGER","OTHER","N","UNKNOWN/NA",,,"2",,,,,,,,,"Y","Y","Y",,,,,,,"REAR-LEFT",,,,,,,,,,,,,,,,,,,,,,,,,,,,,,,,,
"1254532","ed1c9039e6de73130b2000d73df72549d184bb12a509db44b2d930a35a6055a951a749f165c2868777f7a8be1c311fd3f6e6a09c1aef61de092b7c6c0c66d580","JE492300","2021-12-29T18:00:00.000","1","DRIVER",,"1190832",,"UNKNOWN","OTHER (EXPLAIN IN NARRATIVE)","IL",,"UNKNOWN","PASSENGER","PERSONAL","S","OTHER",,,"1",,,,,"Y",,,,,,,,,,"Y","Y",,"OTHER",,,,,,,,,,,,,,,,,,,,,,,,,,,,,,,,,
"1254533","ed1c9039e6de73130b2000d73df72549d184bb12a509db44b2d930a35a6055a951a749f165c2868777f7a8be1c311fd3f6e6a09c1aef61de092b7c6c0c66d580","JE492300","2021-12-29T18:00:00.000","2","DRIVER",,"1190835",,"NISSAN","ALTIMA","IL","2015","NONE","PASSENGER","PERSONAL","E","UNKNOWN/NA",,,"1",,,,,,,,,,,,,,"Y","Y",,,"TOTAL (ALL AREAS)",,,,,,,,,,,,,,,,,,,,,,,,,,,,,,,,,
"1254544","1b6b295c1f43f49ea26ec3c6a3453a65383c3095bf08fb120125f64706d570d931794e1d65b36e3f41b0b25802abcf7d051ae353029dc98f57cfbac7256a0296","JE492241","2021-12-29T17:45:00.000","1","DRIVER",,"1190847",,"TOYOTA","COROLLA","IL","2018","UNKNOWN","PASSENGER","PERSONAL","S","STRAIGHT AHEAD",,,"1",,,,,"Y","Y",,,,,,,,,"Y","Y",,"OTHER",,,,,,,,,,,,,,,,,,,,,,,,,,,,,,,,,
"1254545","1b6b295c1f43f49ea26ec3c6a3453a65383c3095bf08fb120125f64706d570d931794e1d65b36e3f41b0b25802abcf7d051ae353029dc98f57cfbac7256a0296","JE492241","2021-12-29T17:45:00.000","2","DRIVER",,"1190855",,"CHEVROLET","AVALANCHE","IL","2009","NONE","PICKUP","PERSONAL","S","SLOW/STOP IN TRAFFIC",,,"1",,,,,,,,,"N","Y","Y",,,,,,,"REAR-LEFT",,,,,,,,,,,,,,,,,,,,,,,,,,,,,,,,,
"1254516","623d6d22341d670bf1c9c68df7a4a860e071cfa3efebbaf0b9638ba98d5ecf633524741b457fd1ea37a1a871a7f19b598c19335a5ae94fcea3667c7db44a4e38","JE492267","2021-12-29T17:45:00.000","1","DRIVER",,"1190818",,"UNKNOWN","OTHER (EXPLAIN IN NARRATIVE)",,,"UNKNOWN","PASSENGER","UNKNOWN/NA","S","CHANGING LANES",,,"1",,,,,,,,,,,,,,,,,,"ROOF",,,,,,,,,,,,,,,,,,,,,,,,,,,,,,,,,
"1254517","623d6d22341d670bf1c9c68df7a4a860e071cfa3efebbaf0b9638ba98d5ecf633524741b457fd1ea37a1a871a7f19b598c19335a5ae94fcea3667c7db44a4e38","JE492267","2021-12-29T17:45:00.000","2","DRIVER",,"1190821",,"HONDA","CR-V","IL","2021","NONE","SPORT UTILITY VEHICLE (SUV)","PERSONAL","S","STRAIGHT AHEAD",,,"1",,,,,"Y","Y","Y","Y","Y",,,,,,,,,"ROOF",,,,,,,,,,,,,,,,,,,,,,,,,,,,,,,,,
"1254524","b77e17327e0cf0cd36a35f1da858dd091d3c862290cbd3e453001cda5a4cc7b9711879f617d45bfaa0f3d2e219dc7bc8b1add70ab81b2027d4f5fd9ef5571ebd","JE492274","2021-12-29T17:45:00.000","1","DRIVER",,"1190831",,"FORD","F350","IL","2019","NONE","PICKUP","PERSONAL","E","CHANGING LANES",,,"1",,,,,"Y",,,,,,,,,,,,,"FRONT",,,,,,,,,,,,,,,,,,,,,,,,,,,,,,,,,