"crash_unit_id","crash_record_id","rd_no","crash_date","unit_no","unit_type","num_passengers","vehicle_id","cmrc_veh_i","make","model","lic_plate_state","vehicle_year","vehicle_defect","vehicle_type","vehicle_use","travel_direction","maneuver","towed_i","fire_i","occupant_cnt","exceed_speed_limit_i","towed_by","towed_to","area_00_i","area_01_i","area_02_i","area_03_i","area_04_i","area_05_i","area_06_i","area_07_i","area_08_i","area_09_i","area_10_i","area_11_i","area_12_i","area_99_i","first_contact_point","cmv_id","usdot_no","ccmc_no","ilcc_no","commercial_src","gvwr","carrier_name","carrier_state","carrier_city","hazmat_placards_i","hazmat_name","un_no","hazmat_present_i","hazmat_report_i","hazmat_report_no","mcs_report_i","mcs_report_no","hazmat_vio_cause_crash_i","mcs_vio_cause_crash_i","idot_permit_no","wide_load_i","trailer1_width","trailer2_width","trailer1_length","trailer2_length","total_vehicle_length","axle_cnt","vehicle_config","cargo_body_type","load_type","hazmat_out_of_service_i","mcs_out_of_service_i","hazmat_class"
"1254357","a29b11f1d32a03ef0dac43854a67d82fdf55d91dc60ca9b83c49312590079c6eb12e8e81a56af71a7c1b38956bad0f5fbcbf390d283373a544d07e6be3a4ba20","JE491994","2021-12-29T14:15:00.000","1","DRIVER",,"1190685",,"CHEVROLET","EQUINOX","IL","2007","NONE","SPORT UTILITY VEHICLE (SUV)","PERSONAL","N","STRAIGHT AHEAD",,,"1",,,,"Y",,,,,,,,,,,,,,"OTHER",,,,,,,,,,,,,,,,,,,,,,,,,,,,,,,,,
"1254358","a29b11f1d32a03ef0dac43854a67d82fdf55d91dc60ca9b83c49312590079c6eb12e8e81a56af71a7c1b38956bad0f5fbcbf390d283373a544d07e6be3a4ba20","JE491994","2021-12-29T14:15:00.000","2","DRIVER","1","1190672",,"HYUNDAI","SONATA","IL","2016","NONE","PASSENGER","PERSONAL","N","STRAIGHT AHEAD",,,"2",,,,,,,,,"Y","Y","Y",,,,,,,"REAR-LEFT",,,,,,,,,,,,,,,,,,,,,,,,,,,,,,,,,
"1254428","43a20805d90689ff3cc1828ce800bd24a3d2a86e8586de6a4bb7583da3588a5ac6c3b5d3910f6332adf3e23615c5c5dabc4b8bd3d54f15716f538a99d1653a72","JE492075","2021-12-29T14:11:00.000","1","DRIVER",,"1190759",,"UNKNOWN","MOTORIZED","IN",,"UNKNOWN","UNKNOWN/NA","UNKNOWN/NA","E","BACKING",,,"1",,,,,,,,,,,,,,,,,"Y","REAR-LEFT",,,,,,,,,,,,,,,,,,,,,,,,,,,,,,,,,
"1254429","43a20805d90689ff3cc1828ce800bd24a3d2a86e8586de6a4bb7583da3588a5ac6c3b5d3910f6332adf3e23615c5c5dabc4b8bd3d54f15716f538a99d1653a72","JE492075","2021-12-29T14:11:00.000","2","PARKED",,"1190766",,"NISSAN","ALTIMA","IL","2020","UNKNOWN","PASSENGER","NOT IN USE","W","PARKED",,,"0",,,,,"Y",,,,,,,,,,"Y","Y",,"OTHER",,,,,,,,,,,,,,,,,,,,,,,,,,,,,,,,,
"1254733","05633d4a278b23ab3a162208c6e699d9234870a9236bbbc007d2d9a81a061f69a4311d9aeb2ed6bdbd9828ff99d7275b04411f2acc8591fd63607bc23e2b5bde","JE492764","2021-12-29T14:10:00.000","1","DRIVER",,"1191036",,"SUZUKI","OTHER (EXPLAIN IN NARRATIVE)","IL","2006","UNKNOWN","SPORT UTILITY VEHICLE (SUV)","UNKNOWN/NA","W","LEAVING TRAFFIC LANE TO PARK",,,"1",,,,,"Y",,,,,,,,,,"Y","Y",,"OTHER",,,,,,,,,,,,,,,,,,,,,,,,,,,,,,,,,
"1254734","05633d4a278b23ab3a162208c6e699d9234870a9236bbbc007d2d9a81a061f69a4311d9aeb2ed6bdbd9828ff99d7275b04411f2acc8591fd63607bc23e2b5bde","JE492764","2021-12-29T14:10:00.000","2","DRIVER",,"1191460",,"HONDA","CIVIC","IL","2008","NONE","PASSENGER","PERSONAL","W","ENTERING TRAFFIC LANE FROM PARKING",,,"1",,,,,,,,,"Y","Y","Y",,,,,,,"REAR-LEFT",,,,,,,,,,,,,,,,,,,,,,,,,,,,,,,,,
"1254369","66caf88235ca4d27d9fa2d0a92f45a80bb75550bd38b040f457df0d724441af19ecd2284870bebc13fa2820a1896c3e813fe2bcf663105d9875c2cc8fc6735df","JE492027","2021-12-29T14:05:00.000","1","DRIVER",,"1190677",,"SUBARU","FORESTER",,"2019","NONE","PASSENGER","PERSONAL","W","BACKING",,,"1",,,,,,,,,,,,,,,,"Y","Y","OTHER",,,,,,,,,,,,,,,,,,,,,,,,,,,,,,,,,
"1254372","088a91060e1d053b03e2d28c07fbad407e5c1424225e9c5dfd600330d49dfc04b4900d024277322b071e248fedf08c94b70370159f6d997e51ca54ba0ffce727","JE491971","2021-12-29T14:00:00.000","1","DRIVER",,"1190682",,"CHRYSLER","CARAVAN","IL","2006","UNKNOWN","VAN/MINI-VAN","UNKNOWN/NA","W","UNKNOWN/NA",,,"1",,,,,,,,,,,,,,,,,"Y","UNKNOWN",,,,,,,,,,,,,,,,,,,,,,,,,,,,,,,,,
"1254373","088a91060e1d053b03e2d28c07fbad407e5c1424225e9c5dfd600330d49dfc04b4900d024277322b071e248fedf08c94b70370159f6d997e51ca54ba0ffce727","JE491971","2021-12-29T14:00:00.000","2","PARKED",,"1190684",,"CADILLAC","CTS","IL","2008","UNKNOWN","PASSENGER","NOT IN USE","E","PARKED",,,"0",,,,,,,,,,,,,,,"Y",,,"TOTAL (ALL AREAS)",,,,,,,,,,,,,,,,,,,,,,,,,,,,,,,,,
"1254374","4a29b7c47d64aa8e3b2b109556c708182ad6a1e6b06da6635d6318687ba9fdf950fbe63e67c87674253f9c8cf4bec002421da5aa12dd49234a0580ac36dbb71b","JE492017","2021-12-29T14:00:00.000","1","DRIVER",,"1190679",,"TOYOTA","CAMRY",,,"UNKNOWN","UNKNOWN/NA","UNKNOWN/NA","UNKNOWN","UNKNOWN/NA",,,"1",,,,,,,,,,,,,,,,,"Y","UNKNOWN",,,,,,,,,,,,,,,,,,,,,,,,,,,,,,,,,
"1254375","4a29b7c47d64aa8e3b2b109556c708182ad6a1e6b06da6635d6318687ba9fdf950fbe63e67c87674253f9c8cf4bec002421da5aa12dd49234a0580ac36dbb71b","JE492017","2021-12-29T14:00:00.000","2","DRIVER",,"1190686",,"VOLKSWAGEN","JETTA",,,"UNKNOWN","UNKNOWN/NA","UNKNOWN/NA","UNKNOWN","UNKNOWN/NA",,,"1",,,,,,,,,,,,,,,,,"Y","UNKNOWN",,,,,,,,,,,,,,,,,,,,,,,,,,,,,,,,,
"1254398","97112deb3cf0fb90602cde05776cd125b5f24b52544f2a652072171dcf72e0ab7b1257babd4af5fbaab6ce1dbbd0f8855bfcbbef045a81000e067083ccf76fef","JE492072","2021-12-29T14:00:00.000","1","DRIVER",,"1190712",,"FREIGHTLINER CORPORATION","FREIGHTLINER CORP.","IN","2019","UNKNOWN","OTHER","COMMERCIAL - SINGLE UNIT","UNKNOWN","TURNING RIGHT",,,"1",,,,,,,,,,,"Y",,,,,,,"ROOF",,,,,,,,,,,,,,,,,,,,,,,,,,,,,,,,,
"1254399","97112deb3cf0fb90602cde05776cd125b5f24b52544f2a652072171dcf72e0ab7b1257babd4af5fbaab6ce1dbbd0f8855bfcbbef045a81000e067083ccf76fef","JE492072","2021-12-29T14:00:00.000","2","PARKED",,"1190714",,"HYUNDAI","ELANTRA","IL","2013","UNKNOWN","PASSENGER","PERSONAL","UNKNOWN","PARKED",,,"0",,,,,,,,,,,"Y","Y","Y",,,,,"ROOF",,,,,,,,,,,,,,,,,,,,,,,,,,,,,,,,,
"1262417","c31230de3a0d0ba01ad28e7919ac5ea2a9878eebebc06f30ec25c59fd939ebe079ea3d1f7cebb3a0d319a32e8bb159e926f30942df55764e3a531b1ec940b47d","JF112037","2021-12-29T14:00:00.000","1","DRIVER",,"1198367",,"MERCEDES-BENZ","C350","IL","2007","UNKNOWN","PASSENGER","PERSONAL","E","TURNING LEFT",,,"1",,,,"Y",,,,,,,,,,,,,,"FRONT",,,,,,,,,,,,,,,,,,,,,,,,,,,,,,,,,
"1262418","c31230de3a0d0ba01ad28e7919ac5ea2a9878eebebc06f30ec25c59fd939ebe079ea3d1f7cebb3a0d319a32e8bb159e926f30942df55764e3a531b1ec940b47d","JF112037","2021-12-29T14:00:00.000","2","DRIVER",,"1198371",,"CHEVROLET","EQUINOX","IL","2018","UNKNOWN","SPORT UTILITY VEHICLE (SUV)","PERSONAL","E","TURNING LEFT",,,"1",,,,,,,,,,,,,,,,,,"SIDE-LEFT",,,,,,,,,,,,,,,,,,,,,,,,,,,,,,,,,
"1254407","eeaa4d4359fa9916a8fcbbca1c727bb400e7519683b44d56c39e7d7ea46c98fa7c83b14b89feb35e68a383aa390b329465e248f76bf41c7fdce78144287195e4","JE492071","2021-12-29T14:00:00.000","1","DRIVER",,"1190722",,"TOYOTA","MATRIX","IL","2006","UNKNOWN","PASSENGER","PERSONAL","N","BACKING",,,"1",,,,,,,,,,,,,,,"Y",,,"TOTAL (ALL AREAS)",,,,,,,,,,,,,,,,,,,,,,,,,,,,,,,,,
"1254408","eeaa4d4359fa9916a8fcbbca1c727bb400e7519683b44d56c39e7d7ea46c98fa7c83b14b89feb35e68a383aa390b329465e248f76bf41c7fdce78144287195e4","JE492071","2021-12-29T14:00:00.000","2","PARKED",,"1190730",,"NISSAN","ALTIMA","IL","2015","UNKNOWN","PASSENGER","PERSONAL","S","PARKED",,,"0",,,,,,,,,"Y",,,,,,,,,"REAR",,,,,,,,,,,,,,,,,,,,,,,,,,,,,,,,,
"1254353","eb336c660a5a85b3c78ab3647db1dc062602f038cdc0aecc3b9f3a94cf696bd0af3df3befba9dd1f52afaebd7466fb4b74549cffe7f8ee4d12250d5559ed3607","JE491929","2021-12-29T13:55:00.000","1","DRIVER","2","1190661",,"CHEVROLET","MALIBU","IL","2013","UNKNOWN","PASSENGER","PERSONAL","W","PASSING/OVERTAKING",,,"3",,,,,"Y","Y",,,,,,,,,,,,"FRONT",,,,,,,,,,,,,,,,,,,,,,,,,,,,,,,,,
"1254354","eb336c660a5a85b3c78ab3647db1dc062602f038cdc0aecc3b9f3a94cf696bd0af3df3befba9dd1f52afaebd7466fb4b74549cffe7f8ee4d12250d5559ed3607","JE491929","2021-12-29T13:55:00.000","2","DRIVER",,"1190669",,"DODGE","OTHER (EXPLAIN IN NARRATIVE)","IL","2021","UNKNOWN","VAN/MINI-VAN","CONSTRUCTION/MAINTENANCE","W","STRAIGHT AHEAD",,,"1",,,,,,,,,,,"Y","Y",,,,,,"SIDE-LEFT",,,,,,,,,,,,,,,,,,,,,,,,,,,,,,,,,
"1254337","a1de1a271b2e3b9f9d9e0cdb5631a6237f22225293470138ccebcc95b4926b39c9bf246b0ed5ca0876cf121347ac3fe63c1c0f36a27d228c502dfe8d76d2f21e","JE491964","2021-12-29T13:37:00.000","1","DRIVER","3","1190647",,"TOYOTA","CAMRY","IL",,"UNKNOWN","PASSENGER","UNKNOWN/NA","N","BACKING",,,"4",,,,,,,,,,,,,,,,,,"REAR-LEFT",,,,,,,,,,,,,,,,,,,,,,,,,,,,,,,,,
"1254338","a1de1a271b2e3b9f9d9e0cdb5631a6237f22225293470138ccebcc95b4926b39c9bf246b0ed5ca0876cf121347ac3fe63c1c0f36a27d228c502dfe8d76d2f21e","JE491964","2021-12-29T13:37:00.000","2","DRIVER",,"1190652",,"CHRYSLER","300","IL","2014","NONE","PASSENGER","PERSONAL","S","SLOW/STOP IN TRAFFIC",,,"1",,,,,,,,,,,,,,,,,,"OTHER",,,,,,,,,,,,,,,,,,,,,,,,,,,,,,,,,
"1254344","0a7b17eb44cd93fc3ec31c3b1b13bbd197676159526ddfebfd42ba2c5bea1a2747b966914482c389af5771632b9adc3cce411276668c35927d41a85e72241969","JE491953","2021-12-29T13:36:00.000","1","DRIVER",,"1190650",,"CHEVROLET","TRAX","IL","2018","UNKNOWN","SPORT UTILITY VEHICLE (SUV)","UNKNOWN/NA","E","BACKING",,,"1",,,,,,,,,,,,,,,,,"Y","REAR-LEFT",,,,,,,,,,,,,,,,,,,,,,,,,,,,,,,,,
"1254345","0a7b17eb44cd93fc3ec31c3b1b13bbd197676159526ddfebfd42ba2c5bea1a2747b966914482c389af5771632b9adc3cce411276668c35927d41a85e72241969","JE491953","2021-12-29T13:36:00.000","2","DRIVER",,"1190692",,"ACURA","TLX","IL","2004","NONE","PASSENGER","PERSONAL","S","STRAIGHT AHEAD",,,"1",,,,,,,,"Y",,,,,,,,,,"SIDE-RIGHT",,,,,,,,,,,,,,,,,,,,,,,,,,,,,,,,,
"1254376","46361e83b99ba2da1397da30dec10764b05694fee1cf7bfaef4383ae141d895f282bc795e6a97c32b3ad3107cbd56b9a2bd2a85b8bbc6a9daa19a41a751860dc","JE491991","2021-12-29T13:30:00.000","1","DRIVER",,"1190690",,"MAZDA","CX-5","IA","2021","NONE","SPORT UTILITY VEHICLE (SUV)","PERSONAL","E","TURNING RIGHT",,,"1",,,,,"Y",,,,,,,,,,,,,"FRONT",,,,,,,,,,,,,,,,,,,,,,,,,,,,,,,,,
"1254377","46361e83b99ba2da1397da30dec10764b05694fee1cf7bfaef4383ae141d895f282bc795e6a97c32b3ad3107cbd56b9a2bd2a85b8bbc6a9daa19a41a751860dc","JE491991","2021-12-29T13:30:00.000","2","DRIVER",,"1190707",,"NISSAN","ROGUE","IL","2012","NONE","SPORT UTILITY VEHICLE (SUV)","PERSONAL","W","TURNING RIGHT",,,"1",,,,,,,,,,,"Y","Y","Y","Y","Y",,,"ROOF",,,,,,,,,,,,,,,,,,,,,,,,,,,,,,,,,
"1254378","69e12b3b387aa7654b35703dbb1eeb43b41f3ced3249138d3bdd9c84f05ecf4d32afd25939a841cd8fce09adf64a088d518226bcc91ee8a6539a477a634edb85","JE491887","2021-12-29T13:30:00.000","1","DRIVER",,"1190719",,"GENERAL MOTORS CORPORATION (GMC)","ACADIA","IL","2011","UNKNOWN","PASSENGER","PERSONAL","UNKNOWN","ENTERING TRAFFIC LANE FROM PARKING",,,"1",,,,,,,,,,,,,,,,"Y",,"OTHER",,,,,,,,,,,,,,,,,,,,,,,,,,,,,,,,,
"1254379","69e12b3b387aa7654b35703dbb1eeb43b41f3ced3249138d3bdd9c84f05ecf4d32afd25939a841cd8fce09adf64a088d518226bcc91ee8a6539a477a634edb85","JE491887","2021-12-29T13:30:00.000","2","DRIVER",,"1190724",,"HONDA","ELEMENT","IN","2008","NONE","PASSENGER","PERSONAL","W","STRAIGHT AHEAD",,,"1",,,,,,,"Y",,,,,,,,,,,"SIDE-RIGHT",,,,,,,,,,,,,,,,,,,,,,,,,,,,,,,,,
"1254365","8d8406719b1ee541756838206537e06d03271c26caedf37ee5474cc79b249c507a48a304b4ea1f1a56f89982c7c352e08efe500491d5a71b8d5407ce62d50d62","JE491951","2021-12-29T13:30:00.000","1","DRIVER",,"1190671",,"DODGE","GRAND CARAVAN","IL","2019","NONE","PASSENGER","PERSONAL","W","STRAIGHT AHEAD",,,"1",,,,,"Y",,,,"Y","Y",,,,,,"Y",,"OTHER",,,,,,,,,,,,,,,,,,,,,,,,,,,,,,,,,
"1254366","8d8406719b1ee541756838206537e06d03271c26caedf37ee5474cc79b249c507a48a304b4ea1f1a56f89982c7c352e08efe500491d5a71b8d5407ce62d50d62","JE491951","2021-12-29T13:30:00.000","2","DRIVER","1","1190676",,"SUBARU","FORESTER","IL","2018","NONE","PASSENGER","PERSONAL","W","SLOW/STOP IN TRAFFIC",,,"2",,,,,"Y",,,,,"Y",,,,,,"Y",,"REAR-LEFT",,,,,,,,,,,,,,,,,,,,,,,,,,,,,,,,,
"1254367","8d8406719b1ee541756838206537e06d03271c26caedf37ee5474cc79b249c507a48a304b4ea1f1a56f89982c7c352e08efe500491d5a71b8d5407ce62d50d62","JE491951","2021-12-29T13:30:00.000","3","DRIVER",,"1190683",,"TOYOTA","CAMRY","IL","2010","NONE","PASSENGER","PERSONAL","W","SLOW/STOP IN TRAFFIC",,,"1",,,,,,,,,,"Y",,,,,,,,"REAR-LEFT",,,,,,,,,,,,,,,,,,,,,,,,,,,,,,,,,
"1254368","8d8406719b1ee541756838206537e06d03271c26caedf37ee5474cc79b249c507a48a304b4ea1f1a56f89982c7c352e08efe500491d5a71b8d5407ce62d50d62","JE491951","2021-12-29T13:30:00.000","4","DRIVER","2","1190689",,"TOYOTA","CAMRY","IL","2016","NONE","PASSENGER","PERSONAL","W","SLOW/STOP IN TRAFFIC",,,"3",,,,,,,,,,,,,,"Y","Y","Y",,"TOTAL (ALL AREAS)",,,,,,,,,,,,,,,,,,,,,,,,,,,,,,,,,
"1254392","a6c65df73f4cb429142993259ba3b8e5a99ab321a7de078cf41cfe27d0756f3e20e29340be11861fd338bcd74cabda9e5c66aff14a86657238b45cb84c2dfaaf","JE492039","2021-12-29T13:30:00.000","1","PARKED",,"1190711",,"PONTIAC","G6","IL","2006","NONE","PASSENGER","NOT IN USE","N","PARKED IN TRAFFIC LANE",,,"0",,,,,,,,,"Y",,,,,,,,,"REAR-LEFT",,,,,,,,,,,,,,,,,,,,,,,,,,,,,,,,,
"1254393","a6c65df73f4cb429142993259ba3b8e5a99ab321a7de078cf41cfe27d0756f3e20e29340be11861fd338bcd74cabda9e5c66aff14a86657238b45cb84c2dfaaf","JE492039","2021-12-29T13:30:00.000","2","DRIVER",,"1190732",,"HONDA","ACCORD","IL","2018","NONE","PASSENGER","PERSONAL","N","AVOIDING VEHICLES/OBJECTS",,,"1",,,,,"N",,,,,,,,,,"Y",,,"TOTAL (ALL AREAS)",,,,,,,,,,,,,,,,,,,,,,,,,,,,,,,,,
"1254327","9d7f39c675f5bda3309ba7bc483db914466fe12933525f472ffedc7a4f567f8f8758a82a9dc0464d5078f7b94f81d11396aa40c5097ddd5fdb6addd9f910de16","JE491928","2021-12-29T13:20:00.000","1","DRIVER",,"1190629",,"TOYOTA","CAMRY","IL","2021","NONE","PASSENGER","PERSONAL","E","ENTERING TRAFFIC LANE FROM PARKING",,,"1",,,,,,,,,,,,,,,"Y",,,"TOTAL (ALL AREAS)",,,,,,,,,,,,,,,,,,,,,,,,,,,,,,,,,
"1254328","9d7f39c675f5bda3309ba7bc483db914466fe12933525f472ffedc7a4f567f8f8758a82a9dc0464d5078f7b94f81d11396aa40c5097ddd5fdb6addd9f910de16","JE491928","2021-12-29T13:20:00.000","2","DRIVER","1","1190635",,"FORD","FOCUS","IL","2008","NONE","PASSENGER","PERSONAL","E","STRAIGHT AHEAD",,,"2",,,,,"Y",,,,,,,,,,,,,"FRONT",,,,,,,,,,,,,,,,,,,,,,,,,,,,,,,,,
"1254370","049b5d2cdef95413c918b599628275a05adb94ad6ebca90f0b6fe5a99647313223355524b828b73454043e222829b8ace7e4f35600ef00fa36507063b8c1fcad","JE491941","2021-12-29T13:15:00.000","1","DRIVER",,"1190675",,"BUICK","LUCERNE","IL","2008","UNKNOWN","PASSENGER","PERSONAL","N","ENTERING TRAFFIC LANE FROM PARKING",,,"1",,,,,,,,,,,,,,,"Y",,,"TOTAL (ALL AREAS)",,,,,,,,,,,,,,,,,,,,,,,,,,,,,,,,,
"1254371","049b5d2cdef95413c918b599628275a05adb94ad6ebca90f0b6fe5a99647313223355524b828b73454043e222829b8ace7e4f35600ef00fa36507063b8c1fcad","JE491941","2021-12-29T13:15:00.000","2","DRIVER",,"1190678",,"CHRYSLER","TOWN & COUNTRY","IL","2008","NONE","PASSENGER","PERSONAL","N","STRAIGHT AHEAD",,,"1",,,,,,,"Y","Y","Y",,,,,,,,,"ROOF",,,,,,,,,,,,,,,,,,,,,,,,,,,,,,,,,
"1254451","f5dad5206169af68f1e09beb404d88a0c504e3cdb55f75367dfc629245a198d6432d3dc2654da6cb2f9c0974b635119cd9c5ceffc2ffcea93e9f9a2108a6f7bf","JE492128","2021-12-29T13:12:00.000","1","DRIVER",,"1190757",,"PONTIAC","BONNEVILLE","IL","1996","UNKNOWN","PASSENGER","PERSONAL","SE","TURNING LEFT","Y",,"1",,"E&R","10301 S DOTY",,"Y","Y",,,,,,,,,,"Y",,"FRONT",,,,,,,,,,,,,,,,,,,,,,,,,,,,,,,,,
"1254452","f5dad5206169af68f1e09beb404d88a0c504e3cdb55f75367dfc629245a198d6432d3dc2654da6cb2f9c0974b635119cd9c5ceffc2ffcea93e9f9a2108a6f7bf","JE492128","2021-12-29T13:12:00.000","2","DRIVER",,"1190770",,"NISSAN","ALTIMA","IL","2016","UNKNOWN","PASSENGER","PERSONAL","E","SLOW/STOP IN TRAFFIC",,,"1",,,,,,,,,,,,,"Y","Y","Y","Y",,"TOTAL (ALL AREAS)",,,,,,,,,,,,,,,,,,,,,,,,,,,,,,,,,
"1254394","899adbe42216c17815e5b35863026c4a76cc70219a55ac75bddca75842b46551fd47c3ca1e4c76b3db94c8d179db04185bed4b44490d9bb88bd232f68a170804","JE491984","2021-12-29T13:06:00.000","1","DRIVER",,"1190696",,"MERCEDES-BENZ","GLK350","IL","2010","NONE","PASSENGER","PERSONAL","E","STRAIGHT AHEAD",,,"1",,,,,"Y",,,,,,,,,,"Y","Y",,"OTHER",,,,,,,,,,,,,,,,,,,,,,,,,,,,,,,,,
"1254395","899adbe42216c17815e5b35863026c4a76cc70219a55ac75bddca75842b46551fd47c3ca1e4c76b3db94c8d179db04185bed4b44490d9bb88bd232f68a170804","JE491984","2021-12-29T13:06:00.000","2","DRIVER",,"1190709",,"CHEVROLET","SUBURBAN","GA","2014","NONE","PASSENGER","PERSONAL","E","SLOW/STOP IN TRAFFIC",,,"1",,,,"Y",,,,,,,,,,,,,,"REAR-LEFT",,,,,,,,,,,,,,,,,,,,,,,,,,,,,,,,,
"1254331","1fae37380fc36a74ee7dc6548e9a8813b0319d8357f86e8d5eb435f6d073714f4bd674e7ac61995953e65edfd275ca4aa712726b85c02e2addfd061e11510f42","JE491903","2021-12-29T13:00:00.000","1","DRIVER",,"1190642","N","CHEVROLET","MALIBU","IL","2016","NONE","PASSENGER","PERSONAL","S","STRAIGHT AHEAD","Y","N","1",,"unknown","unknown",,,,,,,,,,,,"Y","Y",,"TOTAL (ALL AREAS)",,,,,,,,,,,,,,,,,,,,,,,,,,,,,,,,,
"1254332","1fae37380fc36a74ee7dc6548e9a8813b0319d8357f86e8d5eb435f6d073714f4bd674e7ac61995953e65edfd275ca4aa712726b85c02e2addfd061e11510f42","JE491903","2021-12-29T13:00:00.000","2","DRIVER",,"1190662",,"CHEVROLET","SUBURBAN","IL","2013","NONE","PASSENGER","PERSONAL","S","STRAIGHT AHEAD",,,"1",,,,,,,,,"Y","Y",,,,,,,,"REAR-LEFT",,,,,,,,,,,,,,,,,,,,,,,,,,,,,,,,,
"1254692","217770464c8c1e8e6838c0997c5e10353061271937b9419f01875987f991857be03ce71645567add85eaa5d34cb1531870a84acc66b0deed12c5d81be1385c48","JE491907","2021-12-29T13:00:00.000","1","DRIVER",,"1190996",,"UNKNOWN","OTHER (EXPLAIN IN NARRATIVE)","IL",,"UNKNOWN","UNKNOWN/NA","UNKNOWN/NA","UNKNOWN","UNKNOWN/NA",,,"1",,,,,"Y",,,,,,,,,,"Y","Y",,"OTHER",,,,,,,,,,,,,,,,,,,,,,,,,,,,,,,,,
"1254693","217770464c8c1e8e6838c0997c5e10353061271937b9419f01875987f991857be03ce71645567add85eaa5d34cb1531870a84acc66b0deed12c5d81be1385c48","JE491907","2021-12-29T13:00:00.000","2","PARKED",,"1190998",,"CHEVROLET","OTHER (EXPLAIN IN NARRATIVE)","IL","2007","NONE","VAN/MINI-VAN","PERSONAL","S","PARKED",,,"0",,,,,,,,,"Y","Y","Y",,,,,,,"REAR-LEFT",,,,,,,,,,,,,,,,,,,,,,,,,,,,,,,,,
"1254424","d6c95c6e8c4faa8f338fe45c320b171aacb21e1c8c36c3ec38fd9a54aa3e30d6591dbce10664b90b9e7106c7bc10ec0bbdef0d0dcf14cc746bc98c847852a524","JE492104","2021-12-29T13:00:00.000","1","DRIVER",,"1190729",,"UNKNOWN","MOTORIZED",,,"UNKNOWN","PASSENGER","UNKNOWN/NA","W","STRAIGHT AHEAD",,,"1",,,,,"Y",,,,,,,,,,,,,"FRONT",,,,,,,,,,,,,,,,,,,,,,,,,,,,,,,,,
"1254425","d6c95c6e8c4faa8f338fe45c320b171aacb21e1c8c36c3ec38fd9a54aa3e30d6591dbce10664b90b9e7106c7bc10ec0bbdef0d0dcf14cc746bc98c847852a524","JE492104","2021-12-29T13:00:00.000","2","PARKED",,"1190734",,"HONDA","CIVIC","IL","2013","UNKNOWN","PASSENGER","NOT IN USE","W","PARKED",,,"0",,,,,,,,,,"N","Y",,,,,,,"SIDE-LEFT",,,,,,,,,,,,,,,,,,,,,,,,,,,,,,,,,
"1254359","06284bfb731899cbab79f94408484c38726c01a69c4d2e60355e41b3b1c9372697eae8071623e5a3ba0f84fdae12069db995bf02dc7c36c19a80fb257fa7e368","JE491989","2021-12-29T12:55:00.000","1","DRIVER",,"1190670",,"TOYOTA","CAMRY","IL","2002","UNKNOWN","PASSENGER","PERSONAL","E","STRAIGHT AHEAD",,,"1",,,,,"Y",,,,,,,,,,,"Y",,"OTHER",,,,,,,,,,,,,,,,,,,,,,,,,,,,,,,,,
"1254360","06284bfb731899cbab79f94408484c38726c01a69c4d2e60355e41b3b1c9372697eae8071623e5a3ba0f84fdae12069db995bf02dc7c36c19a80fb257fa7e368","JE491989","2021-12-29T12:55:00.000","2","DRIVER",,"1190673",,"FORD","F150","IL","2015","NONE","PICKUP","OTHER","E","SLOW/STOP IN TRAFFIC",,,"1",,,,,,,,,,"Y","Y",,,,,,,"REAR-LEFT",,,,,,,,,,,,,,,,,,,,,,,,,,,,,,,,,
"1254339","474b5f465523cbb7ed6ce16177c9abab8843db07eba8b77f2312a65fae3bdaedd636fa97773f6eacfdf0bee72d02b974ade8601dfc7404e8d33252ff49684f92","JE491946","2021-12-29T12:55:00.000","1",,,,,,,,,,,,,,,,,,,,,,,,,,,,,,,,,,,,,,,,,,,,,,,,,,,,,,,,,,,,,,,,,,,
"1254346","474b5f465523cbb7ed6ce16177c9abab8843db07eba8b77f2312a65fae3bdaedd636fa97773f6eacfdf0bee72d02b974ade8601dfc7404e8d33252ff49684f92","JE491946","2021-12-29T12:55:00.000","1","DRIVER",,"1190651",,"VOLVO","OTHER (EXPLAIN IN NARRATIVE)","PA","2022","UNKNOWN","TRACTOR W/ SEMI-TRAILER","COMMERCIAL - SINGLE UNIT","N","STRAIGHT AHEAD",,,"1",,,,,,,,,,"Y",,,,,,,,"REAR-LEFT",,,,,,,,,,,,,,,,,,,,,,,,,,,,,,,,,